pred	real
0.005312858	0
0.00323254	0
1.0	1
0.0019667419	0
1.0	1
0.9948059	1
0.0026008105	0
0.0050307764	1
1.0	1
0.004726415	0
1.0	1
0.0038122172	0
1.0	1
0.011561582	0
0.0019452594	0
1.0	1
0.0019452594	0
1.0	1
1.0	1
0.9999864	1
0.003101762	0
1.0	1
0.0019452594	0
0.0019340881	0
1.0	1
0.004080052	0
0.006786357	0
1.0	1
1.0	1
0.006530807	0
1.0	1
1.0	1
1.0	1
1.0	1
1.0	1
1.0	1
0.0039301733	0
1.0	1
1.0	1
0.0019452594	0
0.0031279009	0
0.2194331	0
0.0020940974	0
0.0020013761	0
0.99999964	1
0.001781484	0
1.0	1
1.0	1
1.0	1
1.0	1
0.0019311236	0
0.003610333	0
0.0021997385	0
0.004773659	0
0.0069920057	0
0.002819616	0
1.0	1
0.0021592283	0
0.009669691	0
1.0	1
0.0057368875	0
0.0025945208	0
0.0039117793	0
0.0052505815	0
1.0	1
1.0	1
0.0058175377	0
0.008030004	0
1.0	1
0.0028076367	0
1.0	1
1.0	1
1.0	1
0.00708643	0
1.0	1
1.0	1
0.005448334	0
0.00350575	0
0.9986499	1
1.0	1
1.0	1
1.0	1
1.0	1
1.0	1
1.0	1
0.06843078	0
1.0	1
1.0	1
0.005690494	0
1.0	1
0.61313957	0
1.0	1
1.0	1
1.0	1
1.0	1
0.011953808	0
0.0025630605	0
1.0	1
1.0	1
1.0	1
0.0019400064	0
1.0	1
0.0018774817	0
1.0	1
1.0	1
1.0	1
0.0058455253	0
0.9962083	1
0.0019452594	0
0.0036418163	0
0.0019452594	0
0.0019452594	0
1.0	1
1.0	1
1.0	1
1.0	1
0.002147077	0
1.0	1
1.0	1
0.0026285844	0
1.0	1
1.0	1
0.9999602	1
1.0	1
0.0020187	0
0.0055978	0
1.0	1
0.8658639	1
1.0	1
1.0	1
0.00396094	0
0.0029271746	0
1.0	1
0.009297215	0
1.0	1
0.010440765	0
1.0	1
1.0	1
1.0	1
0.002646508	0
1.0	1
1.0	1
1.0	1
0.0025685653	0
0.002529536	0
0.008487313	0
0.008165172	0
1.0	1
0.0019452594	0
0.0019532477	0
1.0	1
1.0	1
1.0	1
0.9999999	1
1.0	1
1.0	1
0.0019289375	0
1.0	1
1.0	1
0.0019452594	0
0.0020551053	0
1.0	1
0.99999976	1
1.0	1
1.0	1
0.0020262212	0
0.002041763	0
0.002198618	0
1.0	1
0.0046469844	0
0.013354708	0
0.0024220438	0
0.014656133	0
0.0019543876	0
1.0	1
0.0018697546	0
0.0019888445	0
1.0	1
1.0	1
0.002081855	0
0.001520675	0
1.0	1
0.0024296434	0
1.0	1
0.0021797554	0
1.0	1
0.0026563897	0
1.0	1
0.0084605515	0
1.0	1
0.0061136563	0
0.0077584684	0
1.0	1
0.0067304443	0
0.008693955	0
0.0022556977	0
1.0	1
0.009945861	0
0.002380153	0
1.0	1
0.0021447458	0
1.0	1
0.9997975	1
0.0019603588	0
0.004117505	0
1.0	1
1.0	1
0.9999956	1
1.0	1
0.99999976	1
1.0	1
0.0019903944	0
1.0	1
0.9999993	1
1.0	1
0.004097765	0
1.0	1
0.9999652	1
0.0024398477	0
0.0054860604	0
0.0031651503	0
1.0	1
1.0	1
0.0055076075	0
0.0073087844	0
1.0	1
0.0019452594	0
1.0	1
0.9999958	1
1.0	1
1.0	1
0.0036755411	0
0.0040758266	0
1.0	1
1.0	1
1.0	1
1.0	1
0.0024943952	0
1.0	1
1.0	1
0.0036549931	0
1.0	1
0.0019413742	0
0.0020537837	0
0.0037373623	0
0.002237341	0
0.0041171336	0
1.0	1
1.0	1
1.0	1
1.0	1
1.0	1
0.0019691584	0
0.0028463372	0
1.0	1
1.0	1
0.8239589	0
1.0	1
0.0019452594	0
1.0	1
0.0020094737	0
0.004457647	0
0.0018885768	0
0.0028623967	0
1.0	1
0.0024368463	0
0.0019452594	0
0.0019481222	0
1.0	1
0.003062265	0
1.0	1
0.0019452594	0
1.0	1
0.0004492728	0
0.0019452594	0
1.0	1
1.0	1
1.0	1
1.0	1
0.0023912783	0
1.0	1
1.0	1
1.0	1
0.0040623113	0
0.9999982	1
1.0	1
1.0	1
0.0020491849	0
0.99998796	1
0.00072623277	0
0.0018560201	0
1.0	1
0.0022062317	0
1.0	1
1.0	1
0.0056481883	0
0.0036200082	0
0.002550495	0
1.0	1
1.0	1
1.0	1
1.0	1
0.0019496193	0
0.0020289652	0
1.0	1
1.0	1
0.0020835428	0
0.0031659084	0
0.007032699	0
1.0	1
0.0025732976	0
0.0019452594	0
0.0017253425	0
0.0019452594	0
0.004957948	0
0.004548434	0
1.0	1
0.0019452594	0
0.0014269358	0
0.0021347783	0
0.0020194657	0
0.0018997878	0
0.002294556	0
1.0	1
0.007788131	0
0.002075264	0
0.0019452594	0
0.0023087787	0
0.009548389	0
0.003068957	0
1.0	1
0.9999871	1
0.0056028375	0
0.002207183	0
1.0	1
0.0024375557	0
1.0	1
1.0	1
1.0	1
1.0	1
1.0	1
1.0	1
0.0020262212	0
0.0025009946	0
0.0017380038	0
1.0	1
0.001950345	0
1.0	1
0.0056557776	0
0.005697843	0
1.0	1
1.0	1
0.0037729857	0
0.99999964	1
1.0	1
0.033654455	0
1.0	1
1.0	1
0.0020340336	0
0.0036295368	0
0.022318771	0
0.0039654556	0
0.0039844722	0
0.00525394	0
0.9999988	1
1.0	1
1.0	1
1.0	1
0.00196635	0
1.0	1
0.0029412964	0
0.0019452594	0
1.0	1
1.0	1
1.0	1
1.0	1
0.0019452594	0
1.0	1
1.0	1
0.9957787	1
0.0020049862	0
0.0028250753	0
1.0	1
0.0019452594	0
1.0	1
1.0	1
0.9999378	1
1.0	1
0.0019854002	0
0.049306087	0
1.0	1
1.0	1
0.0019452594	0
0.0021104608	0
0.0028685972	0
1.0	1
0.00776523	0
1.0	1
0.003616312	0
1.0	1
0.002357438	0
0.0026752786	0
1.0	1
0.003999256	0
0.005372762	0
0.0025742438	0
0.0057794955	0
1.0	1
0.0019452594	0
0.0044484874	0
0.0028215647	0
1.0	1
0.0014133945	0
1.0	1
0.008412528	0
0.003669401	0
1.0	1
1.0	1
1.0	1
0.0013268036	0
0.9999994	1
0.0019452594	0
1.0	1
1.0	1
1.0	1
0.0045702164	0
1.0	1
0.0024705057	0
0.0018711764	0
0.003563342	0
0.0072705583	0
0.012551142	0
0.004767223	0
0.0020377056	0
1.0	1
0.0019479777	0
0.0017221196	0
1.0	1
0.002834994	0
0.0030421678	0
0.0022222043	0
0.002427855	0
0.0019452594	0
0.0024905556	0
1.0	1
0.0028291442	0
0.04374213	0
1.0	1
1.0	1
1.0	1
1.0	1
0.0070889834	0
1.0	1
1.0	1
0.006344475	0
1.0	1
1.0	1
0.00686726	0
0.001958162	0
0.0019452594	0
1.0	1
0.0019452594	0
1.0	1
1.0	1
0.0020609351	0
0.0039053557	0
0.0021457125	0
0.0064033205	0
0.0029433332	0
0.053204283	0
1.0	1
1.0	1
1.0	1
1.0	1
0.0041888026	0
1.0	1
0.0020007791	0
0.0018916567	0
1.0	1
0.004324762	0
1.0	1
1.0	1
0.0019570915	0
0.0019383286	0
0.6952355	1
0.0020449716	0
1.0	1
1.0	1
1.0	1
0.0021367923	0
0.0020429892	0
1.0	1
1.0	1
1.0	1
0.000113639035	0
0.0031565065	0
0.010790322	0
0.003401513	0
1.0	1
0.009918688	0
1.0	1
1.0	1
0.0044104923	0
1.0	1
1.0	1
0.002143333	0
1.0	1
1.0	1
1.0	1
1.0	1
0.0032382957	0
0.0035076826	0
0.004289996	0
0.005177988	0
1.0	1
0.10106396	0
1.0	1
1.0	1
1.0	1
0.0020353245	0
1.0	1
0.0019452594	0
0.0068198447	0
0.0018495367	0
0.002589607	0
1.0	1
1.0	1
1.0	1
1.0	1
0.029125445	0
0.0042663035	0
1.0	1
1.0	1
1.0	1
0.0019706741	0
1.0	1
1.0	1
1.0	1
1.0	1
1.0	1
1.0	1
1.0	1
1.0	1
0.0019452594	0
0.9994142	1
1.0	1
0.001854472	0
1.0	1
1.0	1
0.0029784755	0
1.0	1
0.0022284384	0
1.0	1
0.0030525257	0
0.0027276091	0
0.0029125286	0
1.0	1
0.014689893	0
1.0	1
0.0024459136	0
1.0	1
0.002487515	0
0.0037258565	0
1.0	1
1.0	1
0.0022755123	0
1.0	1
0.9999889	1
1.0	1
0.0025669753	0
1.0	1
0.0019236131	0
0.0019452594	0
1.0	1
0.0017873861	0
1.0	1
0.003386716	0
0.0021519933	0
1.0	1
0.0023619046	0
0.012664795	0
1.0	1
0.0019628138	0
0.002531317	0
0.0020765185	0
1.0	1
0.0024609366	0
0.00194321	0
1.0	1
1.0	1
1.0	1
1.0	1
0.003905194	0
1.0	1
1.0	1
0.004008024	0
0.0028805453	0
1.0	1
1.0	1
1.0	1
0.003006546	0
1.0	1
1.0	1
1.0	1
1.0	1
1.0	1
0.017492628	0
1.0	1
0.0027816338	0
1.0	1
0.040626384	0
0.0019452594	0
0.0024363212	0
0.014287474	0
1.0	1
0.0024630865	0
1.0	1
0.956184	1
1.0	1
0.002827146	0
0.0024093392	0
0.9999826	1
1.0	1
1.0	1
1.0	1
0.0019452594	0
0.0019426533	0
1.0	1
0.009730723	0
0.005408126	0
1.0	1
1.0	1
1.0	1
0.002525963	0
0.0019452594	0
0.00061882543	0
0.004655815	0
1.0	1
1.0	1
1.0	1
1.0	1
1.0	1
0.0019452594	0
0.0028235067	0
0.0020320565	0
1.0	1
0.0035324371	0
0.004680394	0
1.0	1
1.0	1
1.0	1
1.0	1
0.020055804	0
1.0	1
0.00250893	0
1.0	1
1.0	1
0.008388407	0
0.99999964	1
0.0020866652	0
1.0	1
0.002098029	0
1.0	1
1.0	1
0.0019452594	0
1.0	1
0.00273908	0
1.0	1
0.0021871263	0
1.0	1
0.0031521404	0
1.0	1
1.0	1
1.0	1
1.0	1
1.0	1
0.0019452594	0
0.0020184808	0
1.0	1
1.0	1
1.0	1
1.0	1
0.016810967	0
0.0031096467	0
1.0	1
0.0019452594	0
0.080757126	0
1.0	1
0.99999976	1
0.001511148	0
1.0	1
1.0	1
1.0	1
1.0	1
1.0	1
1.0	1
0.9999695	1
0.0039937044	0
0.009248611	0
0.077247694	0
0.002550438	0
0.010095012	0
0.01180859	0
0.006078706	0
0.0036486	0
0.0031864706	0
0.0017976374	0
1.0	1
0.007755335	0
1.0	1
1.0	1
1.0	1
1.0	1
1.0	1
0.0060198824	0
0.0019965752	0
0.00362702	0
0.0021384116	0
1.0	1
1.0	1
1.0	1
0.0023481024	0
0.0016498757	0
0.012614753	0
1.0	1
0.004292219	0
1.0	1
0.0021637338	0
0.0019452594	0
0.007933646	0
1.0	1
1.0	1
0.0054988284	0
0.00076848414	0
0.000661863	0
1.0	1
1.0	1
1.0	1
0.0037606626	0
1.0	1
0.0019452594	0
0.013302734	0
0.0025953935	0
0.0023516337	0
0.2678588	1
1.0	1
0.6580338	0
0.0019452594	0
1.0	1
0.0019452594	0
0.002141565	0
0.0026119691	0
0.0019125793	0
1.0	1
0.0015949181	0
1.0	1
0.003001051	0
0.0069585317	0
1.0	1
1.0	1
1.0	1
1.0	1
0.0020860168	0
1.0	1
1.0	1
0.0019737058	0
1.0	1
1.0	1
0.002153654	0
0.0024177271	0
0.0026813298	0
0.0020539167	0
0.0021067606	0
1.0	1
1.0	1
0.0018905685	0
0.38860562	0
0.0037783487	0
1.0	1
0.0058489097	0
1.0	1
1.0	1
1.0	1
1.0	1
0.0019452594	0
0.0008825231	0
0.0022350044	0
1.0	1
0.9999504	1
1.0	1
1.0	1
0.0020703922	0
1.0	1
1.0	1
0.053228717	0
0.0019452594	0
1.0	1
0.0038433692	0
1.0	1
1.0	1
0.0020098956	0
0.0023909768	0
1.0	1
1.0	1
1.0	1
1.0	1
1.0	1
0.0054053613	0
1.0	1
0.0027852524	0
1.0	1
1.0	1
1.0	1
0.0031725636	0
1.0	1
0.0019452594	0
0.0061680917	0
0.010262716	0
1.0	1
0.9999999	1
1.0	1
0.004091424	0
1.0	1
0.0063502337	0
1.0	1
0.0035659047	0
0.030951982	0
1.0	1
1.0	1
1.0	1
0.00410942	0
0.0019452594	0
0.0066146157	0
1.0	1
1.0	1
0.002069625	0
0.0019452594	0
1.0	1
0.0040624985	0
0.0040803463	0
0.004724679	0
1.0	1
1.0	1
0.0024489325	0
0.0021929375	0
1.0	1
0.0019452594	0
1.0	1
1.0	1
1.0	1
0.001923279	0
1.0	1
0.002338352	0
0.9813452	1
1.0	1
0.0043558897	0
0.006090146	0
0.0019878433	0
1.0	1
0.0068201493	0
1.0	1
0.0055032214	0
0.00077454693	0
1.0	1
0.0032104985	0
1.0	1
0.0036060933	0
0.0018175321	0
1.0	1
1.0	1
0.008849647	0
1.0	1
1.0	1
0.0021485947	0
0.005477373	0
1.0	1
1.0	1
0.001635462	0
0.0032396181	0
1.0	1
0.9974285	1
0.0038530843	0
1.0	1
0.0021421777	0
1.0	1
0.0022128916	0
0.0026731268	0
0.0052705756	0
0.9999999	1
1.0	1
0.008491331	0
0.0037779487	0
1.0	1
1.0	1
0.00786054	0
1.0	1
0.0019452594	0
0.95071566	1
1.0	1
0.03122987	0
1.0	1
0.0021358554	0
1.0	1
1.0	1
0.0035605985	0
1.0	1
1.0	1
0.0019425413	0
0.0020673445	0
1.0	1
0.03113267	0
1.0	1
1.0	1
1.0	1
0.014780921	0
0.001879276	0
1.0	1
1.0	1
0.0021731672	0
0.0057379836	0
0.0022229902	0
0.002230995	0
1.0	1
1.0	1
1.0	1
0.008875435	0
0.0024866208	0
1.0	1
0.0035323766	0
0.0029705607	0
0.033094052	0
0.011703419	0
0.015145887	0
0.0013466597	0
0.0019452594	0
0.014934882	1
0.99939466	1
1.0	1
0.004329845	0
0.94413835	1
1.0	1
0.0043257005	0
1.0	1
1.0	1
1.0	1
1.0	1
1.0	1
0.0033993104	0
0.38897985	0
1.0	1
1.0	1
1.0	1
1.0	1
1.0	1
0.0027404204	0
1.0	1
0.003145592	0
0.00591191	0
0.0038868869	0
0.97496617	1
0.0024155348	0
0.0011891043	0
0.0021320477	0
1.0	1
0.9999994	1
0.0025292905	0
0.0048937905	0
0.0030836877	0
1.0	1
0.002042337	0
0.0020714742	0
1.0	1
0.0032411292	0
0.004903965	0
0.004423201	0
1.0	1
0.0019450394	0
0.002155644	0
1.0	1
1.0	1
1.0	1
0.018333405	0
1.0	1
0.9999989	1
0.0021779588	0
0.0043360326	0
1.0	1
0.0019639258	0
1.0	1
0.9999999	1
1.0	1
0.008522384	0
0.015048381	0
1.0	1
0.99970216	1
1.0	1
0.0029431724	0
1.0	1
1.0	1
0.0019443588	0
1.0	1
1.0	1
1.0	1
0.0018405758	0
1.0	1
1.0	1
0.0093546575	0
1.0	1
0.9999989	1
1.0	1
1.0	1
1.0	1
0.0026543732	0
1.0	1
0.0050068647	0
0.001957902	0
0.003727707	0
1.0	1
1.0	1
1.0	1
0.0019452594	0
1.0	1
1.0	1
0.003474603	0
1.0	1
0.0019452594	0
0.016420575	0
1.0	1
0.0033334421	0
0.0026909588	0
0.002079085	0
1.0	1
1.0	1
0.0019452594	0
1.0	1
1.0	1
0.0027150926	0
0.0032258176	0
0.0019452594	0
1.0	1
0.0021572916	0
1.0	1
0.0019452594	0
1.0	1
0.24253762	1
1.0	1
0.0014895238	0
0.0027424959	0
0.007217164	0
0.018048251	0
0.002699951	0
0.0018897618	0
0.0019452594	0
1.0	1
1.0	1
1.0	1
0.0019452594	0
0.0024537877	0
0.0042387303	0
1.0	1
1.0	1
1.0	1
0.0053046746	0
1.0	1
0.003315278	0
0.99588627	1
1.0	1
1.0	1
1.0	1
0.5283131	0
0.99999964	1
1.0	1
0.0050866185	0
1.0	1
0.0026284782	0
0.0033868833	0
1.0	1
1.0	1
1.0	1
1.0	1
0.079098545	0
1.0	1
0.0064227846	0
0.0023485972	0
0.0047606165	0
1.0	1
0.0028003477	0
0.003097009	0
1.0	1
0.00045183167	0
1.0	1
1.0	1
0.97327256	1
1.0	1
1.0	1
0.002288326	0
0.0058791284	0
1.0	1
0.0019452594	0
0.9982368	1
1.0	1
1.0	1
0.0017381352	0
0.0017287328	0
1.0	1
0.0012938571	0
1.0	1
0.0029846018	0
0.42535686	0
0.005223058	0
1.0	1
0.003163216	0
1.0	1
1.0	1
1.0	1
1.0	1
0.020966923	0
1.0	1
1.0	1
1.0	1
0.0055215852	0
0.007954304	0
0.015562419	0
0.006372758	0
0.007743759	0
0.002285308	0
1.0	1
0.029409776	0
0.00947231	0
1.0	1
1.0	1
1.0	1
0.0026607735	0
0.0076916893	0
0.0020360346	0
0.0019452594	0
1.0	1
0.0015020173	0
0.002067978	0
0.0019452594	0
0.035203896	0
1.0	1
0.0019452594	0
1.0	1
0.0035867163	0
0.0020890634	0
1.0	1
1.0	1
1.0	1
0.004421377	0
0.0021731798	0
0.0019725922	0
1.0	1
1.0	1
0.003425547	0
1.0	1
1.0	1
0.22890724	0
0.0048950007	0
0.003815902	0
1.0	1
0.0019768851	0
0.0019452594	0
1.0	1
0.0033761037	0
1.0	1
1.0	1
0.002746274	0
1.0	1
0.0019452594	0
0.9976897	1
0.0021153945	0
0.0041171336	0
0.0019452594	0
0.0019031733	0
1.0	1
1.0	1
1.0	1
1.0	1
0.9728505	1
1.0	1
0.0032460482	0
1.0	1
0.0031654765	0
1.0	1
0.0012694956	0
1.0	1
0.0023593027	0
1.0	1
0.0027903842	0
1.0	1
0.002068975	0
1.0	1
0.0019452594	0
1.0	1
0.0018977228	0
0.0027480612	0
1.0	1
0.0069075692	0
0.99999595	1
0.012808028	0
0.001982782	0
0.002471024	0
0.002209462	0
0.0019452594	0
1.0	1
0.024988642	0
1.0	1
1.0	1
1.0	1
1.0	1
0.0032614712	0
1.0	1
0.0020165127	0
0.003941112	0
1.0	1
0.0035546517	0
1.0	1
1.0	1
1.0	1
0.9999697	1
0.0019443923	0
1.0	1
0.0019452594	0
0.003884041	0
0.0017626272	0
0.001981638	0
0.0019452594	0
0.0046297684	0
0.99998677	1
0.0053357496	0
1.0	1
0.0062895003	0
0.0091503775	0
0.99999976	1
0.0019452594	0
0.0019452594	0
0.0051617455	0
0.0047323518	0
1.0	1
1.0	1
1.0	1
1.0	1
1.0	1
1.0	1
0.0077203787	0
0.0025278497	0
0.0021700799	0
0.0019452594	0
1.0	1
1.0	1
1.0	1
0.004674108	0
1.0	1
0.0033314007	0
0.0059807017	0
0.8904021	1
0.0030988823	0
1.0	1
1.0	1
1.0	1
1.0	1
0.0028705564	0
0.00094237534	0
0.009742382	0
0.0027680944	0
0.0031689573	0
0.0016746122	0
0.002296548	0
0.0020498743	0
0.0044992045	0
0.0021573892	0
0.0051586074	0
1.0	1
0.002406833	0
0.0026444406	0
1.0	1
1.0	1
0.0025011827	0
0.060294807	0
0.005655225	0
0.004005603	0
1.0	1
1.0	1
1.0	1
1.0	1
0.0019452594	0
0.0019452594	0
0.003229628	0
0.008607256	0
0.9999974	1
0.0019452594	0
0.0025972147	0
0.0021082668	0
0.0022030955	0
1.0	1
0.0019929458	0
1.0	1
0.0019452594	0
1.0	1
0.0026736264	0
1.0	1
0.0030192079	0
0.002398259	0
1.0	1
0.004398987	0
0.0019452594	0
1.0	1
1.0	1
0.0033670173	0
0.002096654	0
0.0025023583	0
0.0018837006	0
1.0	1
0.0019452594	0
0.0031535476	0
0.0019544938	0
0.003992265	0
1.0	1
1.0	1
1.0	1
0.00557039	0
1.0	1
1.0	1
1.0	1
1.0	1
1.0	1
1.0	1
1.0	1
0.0034262482	0
1.0	1
0.0022353055	0
0.9999994	1
1.0	1
1.0	1
0.09628328	0
0.005320383	0
1.0	1
0.99997413	1
0.0034276424	0
1.0	1
0.002013061	0
0.0048387004	0
1.0	1
1.0	1
1.0	1
0.0020145483	0
1.0	1
0.002734283	0
1.0	1
0.002248579	0
1.0	1
1.0	1
1.0	1
0.14704044	0
0.9999976	1
1.0	1
0.0020384893	0
1.0	1
0.0022274929	0
0.004406899	0
0.0019452594	0
0.0036190639	0
0.0018912983	0
1.0	1
0.99999857	1
1.0	1
1.0	1
1.0	1
0.99810874	1
0.99999726	1
1.0	1
1.0	1
0.818781	0
0.001965206	0
0.0055991304	0
1.0	1
1.0	1
1.0	1
0.006673491	0
1.0	1
0.0019452594	0
0.0036920863	0
0.0018945995	0
1.0	1
1.0	1
1.0	1
0.01048406	0
0.0038863001	0
1.0	1
0.0023812596	0
1.0	1
0.0019385924	0
0.0027753632	0
1.0	1
0.0051584924	0
0.0019452594	0
0.9999999	1
0.0027008718	0
1.0	1
0.0025771766	0
1.0	1
1.0	1
1.0	1
0.0031037265	0
1.0	1
1.0	1
1.0	1
0.006784593	0
0.0036181493	0
1.0	1
0.0053681033	0
1.0	1
0.0034133352	0
0.001824685	0
1.0	1
1.0	1
0.1383354	0
0.0028858066	0
0.0041742725	0
0.99935097	1
1.0	1
0.0027258287	0
0.003068696	0
0.0028396742	0
0.004595776	0
1.0	1
1.0	1
0.021884901	0
0.002362925	0
1.0	1
1.0	1
0.9999993	1
0.005752676	0
1.0	1
1.0	1
1.0	1
1.0	1
0.002244671	0
0.022559594	0
1.0	1
0.0022027611	0
1.0	1
1.0	1
1.0	1
1.0	1
1.0	1
1.0	1
0.0020378996	0
0.0032619284	0
1.0	1
0.9999999	1
0.006106915	0
0.0019452594	0
0.00214262	0
1.0	1
1.0	1
0.0019452594	0
1.0	1
0.99999976	1
1.0	1
0.002013819	0
0.004042813	0
0.011560901	0
0.031579982	0
0.00959004	0
1.0	1
0.022954945	0
1.0	1
1.0	1
0.0041612876	0
0.0018606739	0
0.0020415492	0
1.0	1
0.0047581797	0
0.001953798	0
1.0	1
1.0	1
0.0024012076	0
1.0	1
0.0009349283	0
0.0027702802	0
1.0	1
1.0	1
1.0	1
0.0039564464	0
0.0030490395	0
1.0	1
0.0050875405	0
0.004259456	0
1.0	1
0.0019452594	0
1.0	1
0.0019452594	0
1.0	1
0.0019238614	0
0.0019865392	0
1.0	1
0.004795138	0
1.0	1
0.0049382644	0
0.00027711267	0
1.0	1
1.0	1
1.0	1
1.0	1
0.00359427	0
1.0	1
1.0	1
1.0	1
1.0	1
1.0	1
1.0	1
0.9999958	1
1.0	1
1.0	1
1.0	1
0.002075883	0
0.027773134	0
1.0	1
1.0	1
1.0	1
1.0	1
1.0	1
0.0024357382	0
0.0026129135	0
0.0024801758	0
1.0	1
1.0	1
0.00407169	0
0.0019452594	0
0.0024703378	0
1.0	1
1.0	1
0.005482331	0
0.00023952147	0
1.0	1
0.0019457937	0
0.0041325702	0
0.0028623056	0
0.0011740845	0
1.0	1
0.0028214038	0
1.0	1
1.0	1
0.010017504	0
0.0020625396	0
1.0	1
1.0	1
1.0	1
0.0019452594	0
1.0	1
1.0	1
0.0058995336	0
1.0	1
1.0	1
1.0	1
0.9999622	1
1.0	1
1.0	1
0.0019440573	0
0.98408854	1
1.0	1
0.012610686	0
1.0	1
1.0	1
0.0020123215	0
1.0	1
0.0072436016	0
0.0022904149	0
0.0047700084	0
0.0021039494	0
1.0	1
0.0026221727	0
0.99998736	1
0.00232097	0
1.0	1
0.009162876	0
1.0	1
1.0	1
0.008596687	0
0.0020115539	0
1.0	1
1.0	1
0.0020488913	0
0.005471477	0
0.0015360132	0
0.0014774124	0
1.0	1
0.011426351	0
1.0	1
1.0	1
1.0	1
1.0	1
1.0	1
1.0	1
0.004323298	0
1.0	1
0.019188913	0
0.0019696157	0
1.0	1
0.005148325	0
1.0	1
0.0050139227	0
0.99999976	1
1.0	1
0.0019769752	0
1.0	1
1.0	1
1.0	1
1.0	1
0.0028374202	0
0.0023465792	0
1.0	1
1.0	1
0.0019452594	0
0.003242781	0
0.004084835	0
1.0	1
0.00806118	0
0.0023144456	0
1.0	1
1.0	1
0.004774189	0
1.0	1
1.0	1
0.0020286727	0
0.0012856342	0
1.0	1
1.0	1
0.0024698668	0
1.0	1
0.004710889	0
1.0	1
0.0028220934	0
0.016182773	0
0.26016924	0
0.99997747	1
1.0	1
1.0	1
0.0031251458	0
1.0	1
1.0	1
0.002208786	0
0.0019452594	0
1.0	1
0.04434266	0
0.0028977615	0
1.0	1
0.0071547125	0
0.0024817314	0
0.001934852	0
0.02315724	0
1.0	1
0.0049713445	0
0.004558543	0
1.0	1
0.0021451653	0
1.0	1
0.0051439796	0
1.0	1
1.0	1
0.0051775314	0
0.0019452594	0
0.0019086702	0
1.0	1
1.0	1
0.0019452594	0
0.0047353287	0
0.0019257464	0
0.007668059	0
1.0	1
0.002025315	0
0.0058317417	0
0.0019452594	0
0.00504422	0
0.014010081	0
1.0	1
0.008644599	0
1.0	1
1.0	1
0.0030964245	0
0.9999038	1
0.0063397507	0
0.0022310321	0
1.0	1
1.0	1
0.0020388046	0
1.0	1
0.0019166651	0
0.0029381812	0
1.0	1
1.0	1
0.0022120094	0
1.0	1
0.0023287095	0
0.008661078	0
1.0	1
1.0	1
1.0	1
1.0	1
0.9999114	1
0.0022719568	0
1.0	1
0.0019361979	0
0.0013965786	0
0.99931765	1
0.0058900854	0
0.008758634	0
1.0	1
1.0	1
1.0	1
1.0	1
0.02310876	0
0.0023310361	0
0.0019452594	0
0.005628295	0
0.9999999	1
0.002028636	0
0.0019090109	0
0.007780231	0
0.0019792214	0
0.9996191	1
0.005668258	0
1.0	1
1.0	1
1.0	1
0.002200374	0
0.009192847	0
0.0031029903	0
0.0021746424	0
0.0028769486	0
1.0	1
1.0	1
1.0	1
0.0018584622	0
1.0	1
1.0	1
0.0022970955	0
0.13639905	0
1.0	1
0.0042772745	0
0.018059984	0
1.0	1
1.0	1
0.002167924	0
1.0	1
0.009197543	0
0.002417788	0
0.002053504	0
0.0018769526	0
0.007868911	0
0.001985391	0
0.006030349	0
0.003380279	0
1.0	1
0.0153722465	0
0.0023302543	0
1.0	1
1.0	1
1.0	1
1.0	1
0.99999666	1
1.0	1
0.001980074	0
0.26435438	0
1.0	1
0.002089853	0
0.0013196523	0
1.0	1
0.007021397	0
1.0	1
1.0	1
1.0	1
1.0	1
0.0021430422	0
0.0019452594	0
0.0019976366	0
1.0	1
1.0	1
1.0	1
0.9383455	1
1.0	1
0.016099446	0
1.0	1
1.0	1
0.0038029694	0
0.005378516	0
0.004881914	0
0.00484332	0
0.0019452594	0
1.0	1
0.003994406	0
0.043170832	0
0.032837518	0
0.014658033	0
0.002009467	0
1.0	1
1.0	1
1.0	1
1.0	1
1.0	1
1.0	1
0.0015247515	0
0.0023626315	0
1.0	1
1.0	1
1.0	1
0.0034910068	0
0.0024966567	0
0.99876595	1
0.002513635	0
1.0	1
1.0	1
0.0019925314	0
0.0019452594	0
0.00417778	0
0.00444584	0
1.0	1
1.0	1
0.0017197194	0
0.0042640963	0
0.0019205716	0
0.0015337624	0
0.0021876092	0
0.0022240714	0
1.0	1
0.0047612768	0
0.0016624896	0
1.0	1
1.0	1
0.0028592139	0
0.0063808737	0
1.0	1
1.0	1
0.9999999	1
1.0	1
1.0	1
1.0	1
0.0020061191	0
1.0	1
0.0022463193	0
1.0	1
0.0023742805	0
0.0050452584	0
1.0	1
1.0	1
0.0036932582	0
1.0	1
0.0019452594	0
0.0018991857	0
0.0016119006	0
0.0019589616	0
0.002254984	0
0.003662001	0
1.0	1
1.0	1
0.0063690455	0
0.0036759286	0
1.0	1
1.0	1
1.0	1
1.0	1
0.99999976	1
0.010055145	0
1.0	1
1.0	1
0.0018949845	0
0.0019452594	0
0.0036696729	0
0.5711507	1
1.0	1
1.0	1
1.0	1
1.0	1
0.0018925274	0
1.0	1
0.0021886118	0
1.0	1
1.0	1
1.0	1
1.0	1
0.0036227198	0
0.001954504	0
1.0	1
1.0	1
0.99999964	1
1.0	1
0.0028021834	0
0.0032077986	0
0.9996753	1
1.0	1
1.0	1
0.0015850367	0
0.0036822578	0
1.0	1
1.0	1
1.0	1
0.0019926198	0
1.0	1
1.0	1
0.009359717	0
1.0	1
1.0	1
0.0022268232	0
0.0021499589	0
0.0030502847	0
1.0	1
0.00485497	0
0.0019655798	0
0.0019452594	0
0.00465576	0
1.0	1
0.0025285832	0
1.0	1
1.0	1
0.99999845	1
1.0	1
0.0074124383	0
1.0	1
0.0037125754	0
1.0	1
0.008133256	0
0.0029499258	0
0.0027825413	0
0.004743365	0
1.0	1
1.0	1
1.0	1
0.0032909422	0
0.0036073322	0
0.0023290508	0
1.0	1
0.0039596497	0
0.71482766	1
0.0022522907	0
1.0	1
0.99999654	1
0.0020769285	0
1.0	1
0.0019452594	0
0.00333406	0
1.0	1
0.0033837494	0
0.004741706	0
0.0028268113	0
0.0034326222	0
1.0	1
1.0	1
1.0	1
0.0019452594	0
0.016267607	0
0.0024836017	0
0.0028734843	0
0.0019452594	0
1.0	1
1.0	1
0.0021912574	0
0.00394616	0
1.0	1
1.0	1
0.0018672317	0
1.0	1
1.0	1
0.0041033733	0
1.0	1
0.0019683675	0
1.0	1
1.0	1
0.9999987	1
1.0	1
1.0	1
0.0026837015	0
0.0024329189	0
1.0	1
0.0033776732	0
0.0028179083	0
0.002042372	0
1.0	1
1.0	1
0.0019452594	0
0.007427736	0
0.9999999	1
0.0038689661	0
1.0	1
1.0	1
1.0	1
1.0	1
0.004216683	0
1.0	1
1.0	1
1.0	1
0.0031938963	0
0.99987173	1
0.0033845261	0
0.0041394057	0
1.0	1
0.98259485	1
0.0019452594	0
1.0	1
1.0	1
1.0	1
1.0	1
1.0	1
1.0	1
0.99721813	1
0.0023127573	0
0.0029527715	0
1.0	1
0.006123504	0
1.0	1
1.0	1
0.0069338363	0
0.0029762518	0
0.006339099	0
1.0	1
1.0	1
1.0	1
0.0025675504	0
0.99999535	1
0.0066141807	0
1.0	1
0.0022787938	0
0.0035496121	0
1.0	1
1.0	1
1.0	1
0.001940797	0
0.0019465467	0
0.008819588	0
0.0057127504	0
1.0	1
0.0069334386	0
1.0	1
0.0019307422	0
1.0	1
1.0	1
0.001851165	0
1.0	1
1.0	1
0.0025504576	0
0.002363802	0
0.002906493	0
1.0	1
0.0021122212	0
0.008027543	0
0.0030323148	0
0.9995389	1
0.0019512557	0
0.0021475959	0
1.0	1
0.0043462077	0
0.0019452594	0
0.0019452594	0
0.0019452594	0
1.0	1
1.0	1
0.0028625927	0
1.0	1
0.002988944	0
1.0	1
0.0036500061	0
0.9999999	1
0.0151915895	0
1.0	1
0.0023516964	0
1.0	1
0.0036523028	0
0.005228244	0
0.0022701197	0
0.0055689	0
1.0	1
1.0	1
1.0	1
1.0	1
0.0019452594	0
0.0028673795	0
0.0034590454	0
0.00241257	0
1.0	1
0.0019452594	0
1.0	1
1.0	1
1.0	1
0.0019452594	0
0.05221	0
1.0	1
0.005714912	0
1.0	1
0.001924692	0
0.0019452594	0
0.0024412826	0
0.0028950416	0
0.0019452594	0
0.0019463411	0
0.0019452594	0
1.0	1
1.0	1
1.0	1
1.0	1
0.001703432	0
0.0028059378	0
0.01728602	0
1.0	1
0.9999051	1
1.0	1
1.0	1
0.00646259	0
0.0022295944	0
1.0	1
1.0	1
1.0	1
1.0	1
1.0	1
0.0019452594	0
0.0042077946	0
0.0019452594	0
1.0	1
0.7084397	0
1.0	1
0.0058661564	0
0.004404872	0
0.0027428572	0
0.00568712	0
0.005167219	0
0.0022809524	0
1.0	1
1.0	1
1.0	1
0.0036221775	0
0.0019915758	0
1.0	1
1.0	1
0.9999999	1
0.0020189227	0
1.0	1
0.015827399	0
0.0035829674	0
0.0033449682	0
1.0	1
1.0	1
0.99997663	1
0.005657392	0
0.007892933	0
1.0	1
0.004903635	0
1.0	1
1.0	1
1.0	1
0.013696466	0
0.009388514	0
0.0026094883	0
1.0	1
0.0021876341	0
1.0	1
0.0025020845	0
0.0020440738	0
1.0	1
1.0	1
0.0029510425	0
1.0	1
0.0029634868	0
0.009929784	0
1.0	1
0.9999784	1
0.0035127418	0
0.0028634	0
1.0	1
0.0024412503	0
0.0023573965	0
1.0	1
0.004428176	0
0.0051875594	0
0.9999981	1
1.0	1
0.0019677258	0
0.0020358262	0
1.0	1
1.0	1
1.0	1
0.0040559866	0
0.0030126	0
0.0023525332	0
1.0	1
1.0	1
0.0025903806	0
0.0020410537	0
0.019278657	0
0.002699951	0
0.003943172	0
0.0036813952	0
1.0	1
1.0	1
1.0	1
0.0026764073	0
0.0022255785	0
1.0	1
0.0022650775	0
1.0	1
1.0	1
0.00058291946	0
0.14624359	0
0.005695296	0
0.0025087164	0
0.002482213	0
0.0058136005	0
1.0	1
1.0	1
0.003628299	0
1.0	1
1.0	1
0.0047823703	0
0.0019452594	0
1.0	1
1.0	1
0.004219361	0
1.0	1
1.0	1
1.0	1
1.0	1
0.0031689196	0
0.99996924	1
1.0	1
1.0	1
1.0	1
0.006395356	0
1.0	1
0.005914118	0
0.0019452594	0
1.0	1
0.0037573376	0
1.0	1
1.0	1
0.004682594	0
1.0	1
1.0	1
1.0	1
1.0	1
1.0	1
0.0010032873	0
0.002156011	0
1.0	1
0.0025655094	0
0.0025962414	0
0.0021632668	0
0.0064947247	0
1.0	1
0.004618753	0
1.0	1
1.0	1
1.0	1
1.0	1
1.0	1
0.0025330405	0
0.0033329353	0
0.0022001916	0
0.0025695355	0
0.0008680199	0
1.0	1
0.0030238675	0
1.0	1
0.013135042	0
1.0	1
1.0	1
1.0	1
0.0068122176	0
1.0	1
1.0	1
1.0	1
0.0018152862	0
0.9999125	1
1.0	1
0.02635686	0
1.0	1
0.3620944	1
0.0041539376	0
1.0	1
1.0	1
0.001968022	0
1.0	1
0.012238895	0
0.0019452594	0
1.0	1
1.0	1
1.0	1
1.0	1
1.0	1
0.9999306	1
0.002485585	0
1.0	1
0.0037052017	0
0.0021233603	0
0.0041766115	0
1.0	1
1.0	1
0.0034087868	0
0.00279182	0
1.0	1
0.9999995	1
0.0031161918	0
0.009804316	0
1.0	1
0.9999572	1
0.0036448995	0
1.0	1
0.0019452594	0
0.003394429	0
1.0	1
1.0	1
1.0	1
1.0	1
1.0	1
0.97747904	1
0.020532478	0
0.9999877	1
1.0	1
0.0019336351	0
0.0024544168	0
0.0065321717	0
1.0	1
0.0022575336	0
0.047001056	0
0.0060994206	0
0.0047933036	0
0.0023736232	0
1.0	1
0.0019452594	0
1.0	1
1.0	1
0.0038626574	0
0.0019414463	0
1.0	1
1.0	1
0.010006189	0
0.0020874438	0
0.9999982	1
0.005659254	0
0.005998914	0
0.0019559322	0
0.0025416864	0
0.0026615367	0
0.0019452594	0
1.0	1
1.0	1
1.0	1
1.0	1
1.0	1
1.0	1
1.0	1
1.0	1
1.0	1
1.0	1
0.002432855	0
1.0	1
0.0019795801	0
1.0	1
0.0045485767	0
0.0027515092	0
0.0019452594	0
0.0022842372	0
1.0	1
0.0025118957	0
0.011372465	0
0.0021063446	0
1.0	1
1.0	1
1.0	1
1.0	1
0.0029084587	0
0.002139399	0
0.002322913	0
1.0	1
1.0	1
1.0	1
1.0	1
0.002262835	0
1.0	1
0.0037862256	0
0.0022257036	0
0.0024097266	0
0.0019452594	0
1.0	1
1.0	1
1.0	1
1.0	1
0.0069128373	0
1.0	1
1.0	1
0.00077473844	0
0.0019452594	0
1.0	1
0.0011432667	0
1.0	1
1.0	1
1.0	1
0.005188839	0
0.01923442	0
1.0	1
1.0	1
0.99996185	1
1.0	1
1.0	1
0.004852195	0
0.014231862	0
0.0027847928	0
0.002003565	0
0.0025091507	0
1.0	1
0.015180414	0
0.001946747	0
1.0	1
0.0068501104	0
1.0	1
0.004243396	0
1.0	1
1.0	1
0.0023324257	0
0.005188871	0
1.0	1
0.0041294494	0
1.0	1
0.004137059	0
0.0029527629	0
1.0	1
1.0	1
1.0	1
0.0019452594	0
1.0	1
1.0	1
0.0035252569	0
0.0056481883	0
0.99989283	1
1.0	1
0.0019672737	0
0.99999976	1
0.0019452594	0
0.0022628747	0
1.0	1
1.0	1
0.0019452594	0
0.032423556	0
1.0	1
0.0019452594	0
1.0	1
0.99999976	1
1.0	1
0.0010759225	0
1.0	1
1.0	1
0.00265161	0
0.012025766	0
1.0	1
0.008641644	0
1.0	1
1.0	1
0.005041294	0
0.0042604897	0
1.0	1
0.0064667733	0
0.0019452594	0
1.0	1
0.0024877659	0
1.0	1
0.003062175	0
0.0020442302	0
0.0019496768	0
1.0	1
1.0	1
0.029094903	0
0.005833046	0
0.0024965012	0
0.010400465	0
1.0	1
1.0	1
0.0020732267	0
0.0023868517	0
1.0	1
1.0	1
0.9999974	1
1.0	1
1.0	1
0.0017944622	0
0.010013316	0
1.0	1
1.0	1
0.0030661954	0
0.0019452594	0
0.99999917	1
0.0068297195	0
0.0020937547	0
0.005431519	0
0.003876258	0
0.0019300221	0
1.0	1
0.0021002665	0
0.0029065374	0
1.0	1
0.004014114	0
1.0	1
1.0	1
1.0	1
0.001887856	0
1.0	1
1.0	1
0.0023883793	0
0.0019452594	0
1.0	1
1.0	1
1.0	1
1.0	1
0.25617266	0
1.0	1
0.0066661644	0
1.0	1
0.0051605585	0
0.002248567	0
1.0	1
0.0019147441	0
0.0021185977	0
1.0	1
1.0	1
0.0019310566	0
1.0	1
1.0	1
1.0	1
1.0	1
1.0	1
0.0028446596	0
0.0061207185	0
1.0	1
0.0018719077	0
1.0	1
0.004182109	0
0.0019452594	0
1.0	1
0.0019259712	0
0.008285577	0
1.0	1
0.004063911	0
1.0	1
0.0016899197	0
0.0022134234	0
0.004921051	0
1.0	1
0.0025574446	0
0.0049854596	0
0.9999988	1
1.0	1
0.0019598103	0
1.0	1
1.0	1
1.0	1
0.00397728	0
1.0	1
0.0017752894	0
0.06370126	0
1.0	1
0.004991417	0
0.0019452594	0
1.0	1
1.0	1
0.0011157522	0
0.008145955	0
0.0026197983	0
1.0	1
1.0	1
1.0	1
0.003087214	0
1.0	1
0.008934994	0
0.0043311585	0
1.0	1
0.002549481	0
0.0019452594	0
0.009063985	0
0.9980719	1
0.0029118655	0
0.004674108	0
1.0	1
1.0	1
1.0	1
1.0	1
0.004434102	0
0.0055074687	0
0.015177322	0
0.004113946	0
0.99999356	1
1.0	1
1.0	1
0.004229617	0
1.0	1
0.0019805403	0
1.0	1
1.0	1
1.0	1
0.0019789191	0
0.0021794848	0
0.007675758	0
1.0	1
0.0024949873	0
0.008726221	0
0.0019452594	0
1.0	1
0.0030609786	0
0.0020831146	0
1.0	1
0.004463008	0
1.0	1
1.0	1
1.0	1
0.0028866339	0
0.8312919	1
0.0025101067	0
0.99999964	1
0.0019452594	0
0.9999999	1
0.005316329	0
1.0	1
1.0	1
1.0	1
1.0	1
0.003731784	0
1.0	1
1.0	1
1.0	1
1.0	1
1.0	1
1.0	1
1.0	1
0.0019452594	0
1.0	1
0.0019452594	0
0.001098999	0
1.0	1
1.0	1
0.0038182775	0
0.0025328815	0
0.006837583	0
0.0011315446	0
0.002689755	0
0.0030448344	0
0.0071371263	0
0.010117386	0
0.0019452594	0
1.0	1
1.0	1
1.0	1
0.004707226	0
0.0038774142	0
1.0	1
1.0	1
1.0	1
1.0	1
1.0	1
0.0019452594	0
0.002969585	0
1.0	1
0.003771554	0
0.0019452594	0
1.0	1
1.0	1
0.0024011997	0
0.003313492	0
0.002072323	0
0.0040701935	0
0.99996495	1
0.011507894	0
1.0	1
1.0	1
1.0	1
1.0	1
1.0	1
0.0019098461	0
0.0020355203	0
1.0	1
0.008845076	0
0.0047203763	0
0.0021830935	0
1.0	1
0.0030424627	0
1.0	1
1.0	1
0.0021426661	0
1.0	1
0.010084977	0
0.0019452594	0
0.0045892894	0
1.0	1
1.0	1
0.005870865	0
0.0024624672	0
0.0018544807	0
0.0010513284	0
0.001960297	0
0.0028879617	0
1.0	1
0.002241769	0
1.0	1
0.0020980341	0
0.0019511061	0
1.0	1
0.006645109	0
0.0054613175	0
1.0	1
0.0004729419	0
1.0	1
0.0074862866	0
1.0	1
1.0	1
0.0065178815	0
0.99999297	1
0.00205077	0
0.0035893125	0
0.0015007956	0
1.0	1
1.0	1
1.0	1
0.0021152988	0
1.0	1
0.0035169953	0
0.9999999	1
0.0019452594	0
0.0019452594	0
0.0033670173	0
0.0036794771	0
0.0035197153	0
1.0	1
1.0	1
0.9938944	0
1.0	1
1.0	1
0.0050331396	0
0.0017826757	0
1.0	1
1.0	1
1.0	1
1.0	1
0.0023194135	0
0.0047478825	0
0.005295152	0
0.0019452594	0
0.0016691427	0
1.0	1
0.0019452594	0
0.001969058	0
0.0037368205	0
0.008426458	0
0.0018915065	0
1.0	1
0.007023162	0
0.0020732267	0
1.0	1
0.0019452594	0
1.0	1
1.0	1
1.0	1
0.0019452594	0
0.0019629484	0
1.0	1
1.0	1
0.0017819275	0
1.0	1
0.0060593225	0
0.003938173	0
0.009626453	1
1.0	1
1.0	1
1.0	1
1.0	1
0.0034187927	0
1.0	1
1.0	1
0.0022057646	0
0.00050423836	0
1.0	1
1.0	1
1.0	1
1.0	1
1.0	1
0.0019758344	0
1.0	1
0.0035443825	0
0.005585556	0
1.0	1
0.041897703	0
0.0019452594	0
1.0	1
1.0	1
0.0027270918	0
0.0020467504	0
1.0	1
0.0019452594	0
1.0	1
0.0031731867	0
0.99999297	1
1.0	1
1.0	1
0.0017143658	0
0.0040868274	0
1.0	1
1.0	1
0.004995807	0
1.0	1
1.0	1
0.0021194043	0
1.0	1
0.99998426	1
1.0	1
0.0042666476	0
1.0	1
1.0	1
0.004491247	0
1.0	1
0.004668197	0
1.0	1
0.002030098	0
1.0	1
1.0	1
0.0033863697	0
1.0	1
0.0019612967	0
1.0	1
0.017369138	0
1.0	1
1.0	1
0.0015283455	0
1.0	1
1.0	1
1.0	1
0.0016599179	0
0.0022549047	0
1.0	1
1.0	1
1.0	1
0.0037004922	0
0.001973996	0
1.0	1
0.003214386	0
0.0021081928	0
1.0	1
1.0	1
1.0	1
0.003435992	0
0.0019452594	0
0.0018143567	0
0.007001007	0
1.0	1
1.0	1
0.9999999	1
1.0	1
1.0	1
0.002020269	0
0.0026130104	0
0.0019452594	0
1.0	1
0.008024833	0
0.99997246	1
0.0016702055	0
0.0019441287	0
0.007927671	0
0.0046495525	0
0.0038140519	0
0.99995136	1
0.01032709	0
1.0	1
1.0	1
0.0020471984	0
1.0	1
1.0	1
0.002609986	0
0.007274149	0
0.009977417	0
0.0019452594	0
1.0	1
1.0	1
1.0	1
1.0	1
0.0038289244	0
1.0	1
1.0	1
1.0	1
1.0	1
1.0	1
1.0	1
0.00023677945	0
1.0	1
1.0	1
1.0	1
0.0019437501	0
1.0	1
0.0075937607	0
0.0062658302	0
0.0019452594	0
1.0	1
1.0	1
1.0	1
1.0	1
1.0	1
1.0	1
1.0	1
1.0	1
0.0019452594	0
0.0023809208	0
1.0	1
0.9999392	1
1.0	1
0.00256338	0
0.013320847	0
0.0022745198	0
0.0019355622	0
1.0	1
0.00580322	0
0.0042990795	0
0.0030186595	0
0.004148712	0
0.0037125754	0
1.0	1
0.001906808	0
1.0	1
0.0019452594	0
0.005445911	0
0.012848522	0
0.0029259722	0
1.0	1
0.001944444	0
1.0	1
0.0017342442	0
1.0	1
1.0	1
1.0	1
0.0018724994	0
1.0	1
0.99998164	1
1.0	1
0.0002927425	0
1.0	1
1.0	1
0.0029793961	0
1.0	1
1.0	1
0.003615682	0
0.0019452594	0
1.0	1
0.0019764146	0
1.0	1
0.003572883	0
1.0	1
1.0	1
0.014255489	0
1.0	1
0.0021276586	0
1.0	1
1.0	1
1.0	1
0.0030203909	0
1.0	1
1.0	1
1.0	1
0.9619809	1
1.0	1
0.0027083326	0
1.0	1
0.0019452594	0
1.0	1
0.0019545318	0
0.001951941	0
1.0	1
1.0	1
1.0	1
0.9937709	1
0.0041320994	0
1.0	1
1.0	1
0.0020384223	0
0.012609164	0
0.0052714506	0
1.0	1
0.1484741	0
1.0	1
1.0	1
1.0	1
0.007511175	0
1.0	1
0.0019452594	0
0.0020528554	0
0.0066879517	0
1.0	1
0.00601305	0
1.0	1
0.0011032647	0
1.0	1
0.0059069656	0
1.0	1
0.003381261	0
0.004004095	0
0.9999728	1
0.99999845	1
0.0047666663	0
0.19128878	0
0.020277081	0
0.0019452594	0
0.007871242	0
0.0031145879	0
0.0054324437	0
0.004868138	0
0.0019452594	0
0.006169454	0
1.0	1
0.9989802	1
0.8712104	0
1.0	1
0.003747106	0
1.0	1
1.0	1
0.9999758	1
0.0027788258	0
0.0022508544	0
0.001502103	0
0.0042859586	0
1.0	1
0.0029553317	0
0.97800225	1
1.0	1
1.0	1
0.0030674813	0
0.013118803	0
1.0	1
0.0026371977	0
1.0	1
0.002317416	0
0.0019452594	0
0.0036766166	0
0.0025632153	0
0.0035175835	0
0.0031291072	0
0.0038651715	0
0.0023241164	0
1.0	1
1.0	1
0.9997292	1
0.005121724	0
1.0	1
1.0	1
0.0014962672	0
0.020729657	0
0.0032789595	0
1.0	1
0.001942414	0
1.0	1
1.0	1
0.01817541	0
0.001985748	0
1.0	1
1.0	1
1.0	1
0.0058027687	0
1.0	1
0.0019452594	0
1.0	1
0.0038811255	0
0.0058130138	0
0.008636989	0
1.0	1
0.001994818	0
0.0038601847	0
0.0021688547	0
0.0025191072	0
1.0	1
0.0039095054	0
0.0029185375	0
1.0	1
0.002020023	0
0.9999999	1
0.0007252189	0
1.0	1
1.0	1
0.0070999297	0
1.0	1
0.0021506709	0
0.0029578393	0
1.0	1
0.011832898	0
0.009475839	0
1.0	1
1.0	1
1.0	1
1.0	1
0.003776303	0
1.0	1
1.0	1
0.0044491356	0
1.0	1
1.0	1
0.0023627933	0
1.0	1
1.0	1
1.0	1
1.0	1
1.0	1
0.005009738	0
0.002976986	0
0.019385917	0
1.0	1
1.0	1
1.0	1
0.0024148158	0
1.0	1
0.0016407626	0
1.0	1
0.0014947113	0
0.9999999	1
1.0	1
0.0019452594	0
0.9994055	1
1.0	1
0.52367854	1
1.0	1
0.0034321947	0
1.0	1
0.005096986	0
0.002076465	0
0.0019452594	0
0.009635481	0
0.0036645113	0
1.0	1
1.0	1
1.0	1
0.99997866	1
0.0018861819	0
0.0029454047	0
1.0	1
0.00198248	0
1.0	1
1.0	1
1.0	1
1.0	1
0.0047841747	0
0.0036943182	0
0.5176511	0
0.0013911831	0
0.0027342243	0
1.0	1
1.0	1
1.0	1
1.0	1
1.0	1
1.0	1
1.0	1
0.0025601133	0
1.0	1
0.002044629	0
0.0019452594	0
1.0	1
0.0030832202	0
1.0	1
1.0	1
0.001992701	0
1.0	1
0.0019029668	0
1.0	1
1.0	1
0.0027810875	0
0.13293323	0
1.0	1
0.087996565	0
0.99999416	1
0.008678036	0
0.0066017667	0
0.0021099248	0
0.006564004	0
0.011740163	0
0.0024208722	0
1.0	1
0.0019455921	0
1.0	1
0.015469797	0
1.0	1
0.10575463	0
1.0	1
0.002067062	0
1.0	1
0.0020549109	0
1.0	1
0.9935883	1
1.0	1
1.0	1
0.0024388814	0
1.0	1
1.0	1
1.0	1
0.0022028356	0
1.0	1
0.014586292	0
1.0	1
1.0	1
1.0	1
1.0	1
1.0	1
1.0	1
0.0019560813	0
1.0	1
1.0	1
1.0	1
0.004935671	0
1.0	1
1.0	1
0.0063039702	0
1.0	1
1.0	1
1.0	1
0.9990368	1
0.99999976	1
1.0	1
1.0	1
1.0	1
0.0045413347	0
0.0104556335	0
0.00014014404	0
0.0052873795	0
0.0026388604	0
1.0	1
0.99999404	1
1.0	1
0.052813042	0
0.003833445	0
1.0	1
0.0072241756	0
1.0	1
0.0040138755	0
0.004684183	0
0.0025476606	0
1.0	1
0.0023375468	0
0.0031927924	0
0.0037590207	0
0.0028813605	0
0.99992704	1
1.0	1
0.99984694	1
1.0	1
1.0	1
0.0029895667	0
0.04306912	0
1.0	1
1.0	1
1.0	1
0.007074499	0
0.00195579	0
0.003645104	0
0.0019789445	0
1.0	1
0.0019452594	0
1.0	1
1.0	1
0.00035998985	0
1.0	1
1.0	1
1.0	1
1.0	1
0.0021171102	0
1.0	1
1.0	1
0.0020670404	0
1.0	1
1.0	1
0.008737691	0
1.0	1
0.042125635	0
0.9999999	1
1.0	1
0.0013271763	0
0.007033009	0
0.0062015336	0
1.0	1
0.008967723	0
0.0034674166	0
1.0	1
1.0	1
1.0	1
0.0020051464	0
0.9993824	1
0.0025982563	0
0.0031721955	0
1.0	1
0.0018697546	0
0.0030790984	0
1.0	1
1.0	1
1.0	1
1.0	1
1.0	1
1.0	1
0.0021423695	0
1.0	1
0.88865846	1
0.0007301296	0
1.0	1
1.0	1
0.0019452594	0
1.0	1
0.005572918	0
1.0	1
1.0	1
0.0034397917	0
0.0073873536	0
0.0030350594	0
0.013686175	0
1.0	1
0.002896391	0
1.0	1
0.0019917598	0
1.0	1
1.0	1
0.0076628826	0
0.0076523637	0
0.00065420946	0
0.0019452594	0
0.0074062315	0
0.0021623496	0
0.002605985	0
1.0	1
1.0	1
1.0	1
1.0	1
1.0	1
1.0	1
0.0046241754	0
1.0	1
1.0	1
1.0	1
1.0	1
0.0019452594	0
0.0044598905	0
0.0040482427	0
0.0062130755	0
1.0	1
0.006905698	0
1.0	1
0.002487405	0
0.99999964	1
0.99999726	1
0.0024559724	0
1.0	1
0.005846193	0
0.0019452594	0
1.0	1
1.0	1
1.0	1
1.0	1
0.9994752	1
1.0	1
0.033877045	0
1.0	1
0.002097678	0
1.0	1
0.0040394086	0
0.0022615823	0
1.0	1
1.0	1
0.005255829	0
0.0030054485	0
1.0	1
0.010308413	0
1.0	1
0.0067481073	0
0.0036972961	0
0.0022749354	0
0.0020567686	0
0.0019452594	0
1.0	1
0.005426753	0
1.0	1
0.9997645	1
0.0046998975	0
0.002682895	0
0.0019545848	0
0.0032617564	0
0.0044780695	0
0.99999964	1
1.0	1
0.99999845	1
1.0	1
0.004107337	0
1.0	1
0.0043173684	0
0.0066406415	0
0.0019452594	0
1.0	1
1.0	1
0.09377651	0
1.0	1
1.0	1
0.0021606004	0
0.0021219815	0
1.0	1
0.0031693848	0
1.0	1
0.003915768	0
0.0026880046	0
0.9999949	1
1.0	1
1.0	1
1.0	1
0.0068297195	0
0.0018215508	0
0.9999968	1
1.0	1
1.0	1
1.0	1
0.002340325	0
1.0	1
1.0	1
0.0025410035	0
0.009451671	0
0.0076382905	0
1.0	1
1.0	1
1.0	1
0.0028957962	0
0.0009658731	0
1.0	1
0.9999987	1
1.0	1
0.011597531	0
1.0	1
1.0	1
1.0	1
0.002444269	0
0.0033365344	0
0.0020231102	0
0.9999993	1
1.0	1
0.0019288171	0
0.0021044742	0
1.0	1
0.005882159	0
1.0	1
1.0	1
0.0013416909	0
0.00171019	0
0.99999	1
0.0019452594	0
1.0	1
0.00514769	0
0.0006556207	0
1.0	1
0.0020024441	0
0.0019452594	0
0.00501486	0
1.0	1
1.0	1
1.0	1
0.002944772	0
0.0066036778	0
1.0	1
0.010504915	0
1.0	1
1.0	1
1.0	1
1.0	1
1.0	1
0.0077382866	0
0.018459449	0
0.0019452594	0
1.0	1
1.0	1
0.006580694	0
0.0021662628	0
0.006389946	0
0.001650175	0
0.0020861768	0
0.09181907	0
1.0	1
0.0033601995	0
1.0	1
0.99998415	1
0.0025829463	0
1.0	1
0.0024163462	0
1.0	1
1.0	1
0.0027508931	0
1.0	1
1.0	1
1.0	1
1.0	1
0.0024788762	0
1.0	1
0.0027037233	0
1.0	1
1.0	1
1.0	1
0.0023657177	0
0.0054403846	0
1.0	1
0.0030393838	0
1.0	1
1.0	1
0.9999999	1
1.0	1
1.0	1
0.0029006645	0
1.0	1
1.0	1
1.0	1
1.0	1
1.0	1
0.0031420141	0
0.0021497635	0
0.0039743097	0
0.002584546	0
0.009005812	0
1.0	1
1.0	1
0.0021665455	0
1.0	1
0.3197023	1
1.0	1
0.0023345307	0
1.0	1
1.0	1
0.0019452594	0
0.002081325	0
1.0	1
0.0015808556	0
0.0050703315	0
0.0028236678	0
0.0021544953	0
0.0021185977	0
1.0	1
1.0	1
0.0007017152	0
1.0	1
0.9790766	1
1.0	1
1.0	1
0.0040678615	0
1.0	1
0.0015593331	0
0.002281762	0
1.0	1
1.0	1
0.008650249	0
0.0024776997	0
1.0	1
0.0022008389	0
0.0021594914	0
0.0019452594	0
1.0	1
0.4152422	0
1.0	1
1.0	1
0.006201715	0
0.58513117	1
0.07525776	0
1.0	1
0.0015571683	0
0.0068884697	0
0.99778795	1
0.002655469	0
1.0	1
0.0019452549	0
0.0020411946	0
0.005846198	0
0.99998915	1
0.0031278934	0
0.004776199	0
0.00980789	0
1.0	1
1.0	1
1.0	1
0.0019156284	0
1.0	1
1.0	1
1.0	1
1.0	1
1.0	1
1.0	1
1.0	1
1.0	1
0.0020306082	0
0.0023094402	0
1.0	1
0.0035749564	0
1.0	1
0.023310818	0
1.0	1
1.0	1
0.0019473298	0
1.0	1
0.009113336	0
0.00199842	0
1.0	1
0.99999297	1
0.004188771	0
1.0	1
1.0	1
1.0	1
1.0	1
1.0	1
0.0023643	0
1.0	1
1.0	1
0.003068817	0
0.0025652777	0
1.0	1
1.0	1
0.015973236	0
1.0	1
0.003135274	0
1.0	1
1.0	1
0.0071499445	0
0.0019452594	0
1.0	1
1.0	1
0.0034695542	0
1.0	1
1.0	1
0.013423757	0
0.043969415	0
0.0027263616	0
0.002815198	0
1.0	1
1.0	1
0.0027534715	0
0.0018711764	0
1.0	1
1.0	1
1.0	1
0.7404995	1
1.0	1
1.0	1
1.0	1
0.006783391	0
0.0034111869	0
0.010517101	0
1.0	1
0.004758186	0
1.0	1
1.0	1
0.0019452594	0
1.0	1
1.0	1
0.003866725	0
1.0	1
0.9162106	1
0.0020543213	0
0.0037426872	0
1.0	1
1.0	1
0.0019452594	0
0.004219283	0
0.003479391	0
0.9999999	1
1.0	1
0.0044089374	0
0.0019452594	0
0.01454915	0
0.0074016023	0
0.0019452594	0
0.0023469622	0
0.002191641	0
1.0	1
1.0	1
1.0	1
0.0033390326	0
1.0	1
0.0020345277	0
1.0	1
1.0	1
0.9999982	1
0.0024720656	0
1.0	1
0.0033351993	0
0.0020934003	0
1.0	1
0.0039821225	0
0.0018077133	0
1.0	1
0.114876	0
0.0024513868	0
0.0019452594	0
0.0024419378	0
1.0	1
0.9997936	1
0.0029434857	0
1.0	1
1.0	1
0.0013426692	0
1.0	1
0.0018922879	0
0.999985	1
1.0	1
0.003176354	0
0.002052496	0
1.0	1
0.0012407404	0
0.0033738888	0
0.0020209604	0
0.0022209722	0
1.0	1
0.02132391	0
1.0	1
0.0028180438	0
0.004100977	0
0.004314952	0
1.0	1
1.0	1
0.002381443	0
0.008851734	0
0.0019452594	0
0.008237843	0
1.0	1
0.0048950147	0
0.9903375	1
0.0019479737	0
1.0	1
0.007185531	0
1.0	1
0.0031032115	0
1.0	1
1.0	1
1.0	1
1.0	1
1.0	1
0.0023355093	0
1.0	1
0.00281276	0
0.0020408654	0
1.0	1
1.0	1
0.006229842	0
1.0	1
0.029760964	0
1.0	1
0.0019694816	0
0.0030330576	0
1.0	1
0.0017125665	0
0.0050467644	0
1.0	1
1.0	1
0.00221556	0
0.0027161706	0
0.0039391136	0
1.0	1
1.0	1
0.002106968	0
0.9999999	1
0.028309627	0
0.001138134	0
0.0022205336	0
0.0027134481	0
1.0	1
0.0019106632	0
1.0	1
1.0	1
1.0	1
1.0	1
0.020177357	0
0.0070402194	0
1.0	1
0.0026801622	0
1.0	1
0.008777603	0
1.0	1
0.0021045473	0
0.002199547	0
0.0024927575	0
0.03317165	0
0.9998858	1
1.0	1
0.0017388958	0
0.0020025861	0
0.0019452594	0
0.0021830383	0
0.0036013045	0
0.007193591	0
1.0	1
0.011864083	0
1.0	1
1.0	1
0.0019979305	0
1.0	1
1.0	1
0.9999999	1
1.0	1
0.0038369591	0
0.0073954775	0
0.0022371856	0
0.0019451993	0
0.0019452594	0
0.0046392777	0
1.0	1
0.002545899	0
1.0	1
1.0	1
0.005617948	0
1.0	1
1.0	1
0.00439853	0
1.0	1
0.0032602407	0
0.0042644097	0
1.0	1
0.0017787133	0
0.9999999	1
0.0019929914	0
1.0	1
0.0037140963	0
1.0	1
1.0	1
0.006613319	0
1.0	1
1.0	1
1.0	1
1.0	1
0.004762648	0
0.0044268775	0
0.0030992357	0
1.0	1
1.0	1
1.0	1
1.0	1
0.0055670734	0
1.0	1
0.0073332745	0
1.0	1
0.0064887893	0
0.0006568938	0
1.0	1
0.0042905663	0
1.0	1
1.0	1
1.0	1
0.0046279607	0
0.8318535	1
0.0029802602	0
1.0	1
1.0	1
1.0	1
0.00251625	0
0.99999535	1
0.0019452594	0
1.0	1
0.0019452594	0
1.0	1
0.0035582408	0
0.9999994	1
0.0019452594	0
0.0021467705	0
1.0	1
1.0	1
0.0019579467	0
0.0019471063	0
1.0	1
0.0019556817	0
1.0	1
1.0	1
0.0067098257	0
1.0	1
0.0019848486	0
0.0013040538	0
0.0035375985	0
1.0	1
1.0	1
0.0017489867	0
0.0014283975	0
0.034012083	0
1.0	1
1.0	1
0.0037374634	0
0.0054792175	0
0.0029303646	0
1.0	1
1.0	1
0.0068033095	0
0.0021847654	0
1.0	1
1.0	1
0.00393485	0
0.00290277	0
1.0	1
1.0	1
1.0	1
0.00823482	0
0.0031942222	0
1.0	1
0.003251164	0
0.022123912	0
0.0019452594	0
1.0	1
1.0	1
1.0	1
0.63571984	1
1.0	1
0.002469775	0
0.0019442571	0
1.0	1
0.0020128798	0
1.0	1
0.002420011	0
1.0	1
0.0020334471	0
0.001212619	0
0.007780231	0
1.0	1
0.010150975	0
0.0024177271	0
0.005516908	0
1.0	1
1.0	1
0.002677208	0
0.006811092	0
0.00902088	0
1.0	1
0.006407794	0
1.0	1
0.99999964	1
0.0022369395	0
1.0	1
1.0	1
1.0	1
0.0029491698	0
1.0	1
1.0	1
0.003228933	0
1.0	1
1.0	1
1.0	1
1.0	1
0.0041496987	0
1.0	1
1.0	1
0.0025599075	0
1.0	1
0.0018576151	0
0.0023091997	0
0.0031576965	0
1.0	1
0.002638711	0
0.0020581817	0
1.0	1
1.0	1
0.003904332	0
0.0025665432	0
0.0019452594	0
1.0	1
1.0	1
0.007834766	0
0.99999976	1
0.0019452594	0
0.9999993	1
0.0037764518	0
1.0	1
1.0	1
0.99999666	1
1.0	1
0.45151335	1
0.0026467722	0
0.0020425413	0
1.0	1
0.0051263357	0
1.0	1
0.0020036472	0
1.0	1
1.0	1
0.0039214618	0
0.99900585	1
1.0	1
0.9999722	1
0.002139355	0
0.0051197223	0
1.0	1
1.0	1
0.0028686505	0
1.0	1
1.0	1
0.0026321735	0
0.0033456536	0
1.0	1
1.0	1
0.002588852	0
1.0	1
0.0019452594	0
0.0033230833	0
1.0	1
1.0	1
1.0	1
1.0	1
0.0016324922	0
1.0	1
0.02363022	0
0.0052151415	0
0.0019452594	0
1.0	1
0.009055714	0
0.0026072667	0
0.002179068	0
1.0	1
1.0	1
0.0006860746	0
0.0033100683	0
1.0	1
0.0020605735	0
0.0018235408	0
1.0	1
1.0	1
0.0020376493	0
0.011605164	0
0.0037179107	0
0.003245891	0
1.0	1
1.0	1
0.0024741702	0
1.0	1
1.0	1
0.003227581	0
0.0041984688	0
0.0048387004	0
0.0072928118	0
1.0	1
0.0023153797	0
0.0024411771	0
0.0066633676	0
1.0	1
0.0019446199	0
1.0	1
0.0019452594	0
0.0033597557	0
0.00890267	0
0.9997998	1
0.004382137	0
1.0	1
0.002721305	0
1.0	1
0.0025775784	0
1.0	1
1.0	1
0.0019452594	0
0.015180121	0
0.0031527176	0
0.0027998018	0
1.0	1
1.0	1
1.0	1
0.0042456775	0
0.0023482898	0
0.9999999	1
1.0	1
1.0	1
0.0027331389	0
1.0	1
1.0	1
1.0	1
0.0042764195	0
1.0	1
1.0	1
0.0036967304	0
1.0	1
1.0	1
0.0019452594	0
0.0029152508	0
0.002238771	0
0.0019012042	0
0.0035940192	0
1.0	1
1.0	1
1.0	1
1.0	1
0.0019750542	0
1.0	1
0.00211485	0
1.0	1
0.002098258	0
0.0034465462	0
0.0019452594	0
1.0	1
0.001969657	0
1.0	1
1.0	1
0.0034513117	0
1.0	1
0.005383587	0
0.0036398168	0
0.0025923206	0
0.0046467814	0
1.0	1
1.0	1
0.0019452594	0
1.0	1
0.004222558	0
1.0	1
0.0020761073	0
1.0	1
0.0019465254	0
0.003938096	0
1.0	1
0.0037788749	0
1.0	1
0.0021900055	0
0.9988851	1
1.0	1
0.002056929	0
1.0	1
1.0	1
1.0	1
0.0022380725	0
0.0022825925	0
0.004920124	0
1.0	1
0.0019452594	0
0.99993885	1
0.0019452594	0
0.0019541867	0
0.045202088	0
1.0	1
1.0	1
0.011779813	0
0.0042405482	0
0.0021112917	0
1.0	1
0.002204083	0
1.0	1
0.025167398	0
1.0	1
0.0019452594	0
1.0	1
1.0	1
0.036967028	0
0.0028813395	0
0.0026453398	0
1.0	1
0.9999999	1
0.5901186	1
1.0	1
0.0043485854	0
0.0019672296	0
0.004968684	0
0.9999999	1
0.0018567134	0
0.002717057	0
1.0	1
1.0	1
1.0	1
0.0022026447	0
0.9999964	1
1.0	1
0.0017940054	0
0.0019152573	0
1.0	1
0.0018332273	0
0.0019485877	0
1.0	1
1.0	1
1.0	1
1.0	1
1.0	1
1.0	1
1.0	1
1.0	1
0.0020399662	0
0.0019463458	0
0.006010104	0
1.0	1
1.0	1
0.030905332	0
0.004500108	0
0.002145892	0
0.002540467	0
0.0026910882	0
1.0	1
1.0	1
0.0020198568	0
1.0	1
0.0019452594	0
1.0	1
1.0	1
1.0	1
0.0058373315	0
0.0071404693	0
0.0024555963	0
1.0	1
1.0	1
1.0	1
1.0	1
0.0071308548	0
1.0	1
0.0018715105	0
1.0	1
0.008402256	0
0.0035950283	0
1.0	1
0.0019598335	0
0.0019452594	0
0.0031924634	0
0.002956023	0
0.99680126	1
1.0	1
1.0	1
1.0	1
0.0032452308	0
0.0019452594	0
0.008647317	0
0.0019452594	0
0.0019452594	0
0.117965356	0
0.0019452594	0
1.0	1
1.0	1
0.99856323	1
0.0029144513	0
1.0	1
1.0	1
0.0020743683	0
1.0	1
0.002092464	0
1.0	1
1.0	1
1.0	1
1.0	1
0.004365751	0
0.0028630581	0
1.0	1
0.0029378724	0
0.0049233935	0
1.0	1
1.0	1
1.0	1
0.0032834185	0
0.0051661846	0
0.0057136603	0
1.0	1
0.0032694284	0
1.0	1
0.0019452594	0
1.0	1
1.0	1
0.0022700604	0
0.9999958	1
0.0025514378	0
0.007042983	0
1.0	1
1.0	1
1.0	1
1.0	1
1.0	1
1.0	1
0.00041513017	0
1.0	1
0.0022371048	0
1.0	1
0.0032752918	0
0.008746071	0
0.0019452594	0
0.0019452594	0
0.014392959	0
1.0	1
0.010929345	0
0.0094006015	0
0.0019452594	0
0.0037663225	0
0.99999964	1
0.0019853853	0
0.0019452594	0
0.0028252958	0
0.003910416	0
1.0	1
1.0	1
1.0	1
0.00081339874	0
0.004828532	0
0.0023366038	0
1.0	1
0.0013947691	0
1.0	1
0.002007625	0
1.0	1
1.0	1
0.0028743024	0
1.0	1
0.00269343	0
1.0	1
1.0	1
0.0028523265	0
0.015416675	0
1.0	1
0.0019452594	0
0.99999857	1
0.005356936	0
0.9999999	1
1.0	1
0.0020126482	0
1.0	1
0.0024227188	0
1.0	1
1.0	1
1.0	1
1.0	1
0.0022434774	0
1.0	1
1.0	1
0.0060907546	0
1.0	1
1.0	1
0.0022078604	0
0.0019091187	0
0.0023404977	0
0.9999982	1
0.0057247505	0
1.0	1
1.0	1
1.0	1
0.9999999	1
0.0026061968	0
0.0027695415	0
0.003219311	0
0.002336288	0
0.0019376514	0
1.0	1
0.38068774	1
0.0041213646	0
1.0	1
0.0020238343	0
1.0	1
0.99897075	1
1.0	1
1.0	1
0.0055646454	0
1.0	1
1.0	1
0.0019452594	0
1.0	1
1.0	1
0.001967488	0
0.0014005523	0
1.0	1
1.0	1
1.0	1
1.0	1
1.0	1
0.009646377	0
0.0022074801	0
1.0	1
0.0019452594	0
0.0020009265	0
0.0070703034	0
0.0039542993	0
1.0	1
0.0019452594	0
0.0028259351	0
0.99999905	1
1.0	1
1.0	1
0.0025678459	0
1.0	1
0.9989089	1
1.0	1
0.020833194	0
0.0019452594	0
1.0	1
0.036750272	0
0.9999999	1
1.0	1
0.0027908524	0
0.9999027	1
0.0019704564	0
1.0	1
1.0	1
1.0	1
1.0	1
0.002181536	0
0.00444839	0
0.0023480554	0
0.001982748	0
1.0	1
1.0	1
0.0051309336	0
1.0	1
0.008554063	0
0.0038125068	0
1.0	1
1.0	1
0.0020389208	0
1.0	1
0.0020011277	0
1.0	1
1.0	1
0.00246488	0
0.0019452594	0
1.0	1
0.0019562766	0
0.0031628998	0
0.38354158	0
0.0044338554	0
0.999665	0
0.0024129096	0
1.0	1
0.014898041	0
1.0	1
1.0	1
0.0021067606	0
0.0038835062	0
1.0	1
1.0	1
1.0	1
1.0	1
1.0	1
1.0	1
0.32339633	1
0.003682006	0
1.0	1
1.0	1
0.0018435374	0
0.0018227901	0
1.0	1
0.0019452594	0
1.0	1
1.0	1
1.0	1
1.0	1
1.0	1
0.00253144	0
1.0	1
1.0	1
1.0	1
0.0084858965	0
1.0	1
0.0019455826	0
0.0027446444	0
0.002226052	0
0.9999943	1
0.9999999	1
0.0024753744	0
0.0015696274	0
0.0027281332	0
1.0	1
1.0	1
1.0	1
0.0019452594	0
0.0026077353	0
1.0	1
0.0012334366	0
0.0019452594	0
0.0019452594	0
0.0020233567	0
0.0026951034	0
0.0045075775	0
0.02875987	0
0.0019452594	0
1.0	1
1.0	1
1.0	1
1.0	1
0.0014190394	0
1.0	1
1.0	1
0.0038425056	0
1.0	1
1.0	1
0.009009668	0
0.0022754474	0
0.003220339	0
1.0	1
1.0	1
1.0	1
1.0	1
0.007923306	0
0.89602906	1
1.0	1
1.0	1
1.0	1
1.0	1
1.0	1
0.0023815949	0
0.99999726	1
0.99999833	1
1.0	1
0.0020749113	0
0.0024927575	0
0.9999976	1
1.0	1
0.002701682	0
0.0072474466	0
0.0056144223	0
1.0	1
0.0007361118	0
0.0023595688	0
1.0	1
0.009344653	0
1.0	1
1.0	1
1.0	1
1.0	1
1.0	1
0.0019736541	0
0.0003148309	0
0.9085264	1
1.0	1
0.0019247385	0
0.0027664523	0
1.0	1
1.0	1
0.9999553	1
1.0	1
1.0	1
1.0	1
0.0022564866	0
0.0019452594	0
1.0	1
1.0	1
1.0	1
0.025365382	0
0.0033271904	0
0.0005905756	0
1.0	1
1.0	1
0.9999982	1
0.002153816	0
0.99997735	1
0.0020382865	0
1.0	1
0.7575468	1
0.0019452594	0
0.9999999	1
0.012121295	0
1.0	1
1.0	1
0.0019880496	0
1.0	1
1.0	1
0.004234615	0
1.0	1
1.0	1
0.011679538	0
0.0011041189	0
0.0061406987	0
0.99998033	1
1.0	1
0.99999964	1
1.0	1
1.0	1
0.009113473	0
1.0	1
1.0	1
0.0019452594	0
1.0	1
0.0038889549	0
0.007147572	0
1.0	1
1.0	1
0.0023173233	0
0.99999976	1
0.99910057	1
0.003601679	0
1.0	1
1.0	1
0.001895809	0
0.0016908982	0
0.00655936	0
0.020049648	0
1.0	1
0.9991609	1
1.0	1
1.0	1
1.0	1
0.0019452594	0
0.0019452594	0
0.0046054563	0
0.0019452594	0
0.0052873767	0
0.0063383053	0
1.0	1
1.0	1
0.002717808	0
0.0039913417	0
0.004351539	0
0.0019593113	0
1.0	1
0.0019031625	0
1.0	1
0.0028838408	0
0.0018586809	0
1.0	1
0.0070124264	0
1.0	1
1.0	1
0.0019452594	0
1.0	1
0.0022639818	0
1.0	1
1.0	1
0.06242463	0
0.006389946	0
1.0	1
0.0019452594	0
0.0019939772	0
0.0009093314	0
0.0036800243	0
1.0	1
1.0	1
1.0	1
0.0037072494	0
1.0	1
1.0	1
0.004923104	0
1.0	1
1.0	1
1.0	1
0.0019452594	0
0.06260331	0
1.0	1
1.0	1
1.0	1
1.0	1
0.0024591754	0
0.007458409	0
0.001604484	0
0.0017968008	0
0.0053544333	0
0.009212407	0
0.9999827	1
0.012399822	0
1.0	1
0.003535858	0
0.001741268	0
0.0042604897	0
0.002797078	0
0.995531	1
0.0040126825	0
1.0	1
1.0	1
1.0	1
0.0054813046	0
0.0023556992	0
1.0	1
1.0	1
1.0	1
0.005861431	0
1.0	1
1.0	1
0.0015975634	0
0.001974662	0
1.0	1
1.0	1
0.9999999	1
0.005075932	0
0.0044658673	0
0.0019938755	0
0.9999994	1
0.0019592005	0
1.0	1
0.0032503076	0
1.0	1
1.0	1
0.0019817397	0
0.0020809935	0
0.0064863125	0
1.0	1
0.0029649846	0
1.0	1
0.0019452594	0
1.0	1
1.0	1
1.0	1
0.0019452594	0
0.009039519	0
1.0	1
0.0053152726	0
1.0	1
1.0	1
0.008730908	0
1.0	1
0.0019474037	0
1.0	1
0.019053733	0
0.0038681692	0
0.0019452594	0
0.006467631	0
1.0	1
0.0028745485	0
0.0068691107	0
1.0	1
1.0	1
0.0020227702	0
1.0	1
1.0	1
0.0071542347	0
1.0	1
0.0063011064	0
1.0	1
0.0033172069	0
0.002482114	0
0.0036910973	0
0.002028807	0
1.0	1
1.0	1
0.014823388	0
0.003083053	0
1.0	1
0.0019171241	0
0.002306244	0
0.0019452594	0
1.0	1
1.0	1
0.0019452594	0
1.0	1
1.0	1
1.0	1
1.0	1
1.0	1
0.0037537534	0
0.0024129096	0
0.0019452594	0
0.002566702	0
1.0	1
1.0	1
1.0	1
1.0	1
1.0	1
1.0	1
1.0	1
0.002289124	0
0.0062616393	0
1.0	1
0.005235061	0
0.01574713	0
0.0019481722	0
1.0	1
0.0019526539	0
1.0	1
0.9646471	1
0.00783424	0
1.0	1
1.0	1
1.0	1
0.02947525	0
0.0017933847	0
1.0	1
1.0	1
1.0	1
1.0	1
0.0013377685	0
1.0	1
1.0	1
0.0019452594	0
1.0	1
1.0	1
1.0	1
1.0	1
0.0019452594	0
1.0	1
0.003222578	0
0.0038571053	0
0.002909081	0
1.0	1
1.0	1
0.01335114	0
1.0	1
1.0	1
1.0	1
1.0	1
1.0	1
0.0019452594	0
1.0	1
0.0044925497	0
0.0035283186	0
1.0	1
1.0	1
0.026456747	0
0.0023227339	0
0.0022909085	0
1.0	1
0.0023236533	0
1.0	1
0.0017642506	0
1.0	1
0.0019442036	0
0.0049276985	0
1.0	1
1.0	1
1.0	1
0.0019452594	0
0.002051255	0
1.0	1
0.002767768	0
1.0	1
0.0048109856	0
0.0041993735	0
0.0025155414	0
0.14045645	1
0.0019452594	0
1.0	1
0.01011495	0
0.0030942147	0
0.0021012733	0
0.0122430455	1
1.0	1
0.0025471468	0
0.99999857	1
0.002631499	0
1.0	1
0.0019166651	0
1.0	1
1.0	1
0.0030005532	0
1.0	1
1.0	1
0.0017886839	0
1.0	1
1.0	1
0.0031574757	0
0.002209687	0
0.0053690835	0
0.0019452594	0
0.9997421	1
0.0023022483	0
0.0019343125	0
1.0	1
0.026241565	0
1.0	1
0.004077046	0
1.0	1
1.0	1
1.0	1
0.0021969604	0
1.0	1
1.0	1
1.0	1
1.0	1
0.0019953991	0
1.0	1
1.0	1
1.0	1
0.0020495348	0
1.0	1
0.0024854157	0
0.0021047345	0
0.010066524	0
1.0	1
0.0019452594	0
0.0022434774	0
0.0030617632	0
1.0	1
0.0042033913	0
0.001971844	0
0.0020522606	0
0.0042915544	0
1.0	1
0.0032194348	0
0.0029767626	0
0.05922638	0
1.0	1
1.0	1
1.0	1
0.0019452594	0
1.0	1
0.0019452594	0
0.0015905504	0
0.0023047118	0
1.0	1
1.0	1
0.647422	1
1.0	1
1.0	1
0.0031691138	0
1.0	1
0.99999607	1
1.0	1
1.0	1
1.0	1
1.0	1
0.0053390963	0
0.0035192156	0
0.001979731	0
1.0	1
1.0	1
0.99999976	1
0.0018549185	0
1.0	1
0.0019452594	0
1.0	1
0.0019911344	0
0.0025765256	0
1.0	1
0.99972373	1
0.99996877	1
0.0002670453	0
0.0035437325	0
0.0034965964	0
0.0022747254	0
0.0043913876	0
1.0	1
0.0019452594	0
1.0	1
1.0	1
1.0	1
1.0	1
1.0	1
0.0016346377	0
1.0	1
0.0019452594	0
1.0	1
1.0	1
1.0	1
0.0031768763	0
1.0	1
0.0007489327	0
0.005510533	0
1.0	1
1.0	1
0.9999927	1
0.0035694577	0
0.002286238	0
0.0011747445	0
1.0	1
1.0	1
1.0	1
0.0019452726	0
0.0018772815	0
1.0	1
0.0019305006	0
1.0	1
1.0	1
1.0	1
0.00811548	0
1.0	1
1.0	1
0.00782129	0
1.0	1
1.0	1
0.9999988	1
1.0	1
1.0	1
0.0023352203	0
1.0	1
1.0	1
0.0015309476	0
1.0	1
0.9999083	1
1.0	1
1.0	1
1.0	1
0.9999999	1
0.0020775404	0
0.0006010646	0
1.0	1
0.0021446652	0
1.0	1
0.0019452594	0
0.020151004	0
0.002698928	0
1.0	1
0.0030083035	0
0.0036968514	0
1.0	1
1.0	1
1.0	1
0.0057267104	0
0.0051028994	0
1.0	1
1.0	1
0.007925762	0
1.0	1
0.0019452594	0
1.0	1
0.0019413836	0
0.0019452594	0
0.0026164625	0
0.0021426182	0
1.0	1
1.0	1
0.99993455	1
1.0	1
0.002324478	0
0.0022951683	0
0.0019452594	0
1.0	1
0.0028132936	0
0.0033654126	0
0.0053684874	0
0.0031324169	0
0.0019606976	0
0.9999988	1
1.0	1
0.001946442	0
0.006273653	0
1.0	1
0.015040312	0
0.0029546393	0
0.0028219915	0
0.003027432	0
0.0023047118	0
0.0026276282	0
0.0035116135	0
0.0022470034	0
0.9999999	1
1.0	1
0.0034267434	0
0.004025926	0
1.0	1
1.0	1
1.0	1
1.0	1
0.002087857	0
1.0	1
0.9999994	1
0.0028769253	0
1.0	1
1.0	1
1.0	1
0.0062541733	0
0.0022273308	0
0.9999999	1
1.0	1
0.002142406	0
1.0	1
0.0028294967	0
0.001905469	0
1.0	1
0.005507793	0
0.0046571805	0
0.0021635066	0
1.0	1
1.0	1
0.0035017692	0
1.0	1
0.0046911575	0
1.0	1
0.005569112	0
1.0	1
0.028256068	0
1.0	1
1.0	1
0.0029853554	0
1.0	1
0.0055570514	0
1.0	1
0.0019536503	0
1.0	1
1.0	1
1.0	1
1.0	1
1.0	1
0.0019452594	0
1.0	1
0.004502804	0
0.001913672	0
1.0	1
0.0025756962	0
0.0063537066	0
1.0	1
0.0023553867	0
1.0	1
0.011362657	0
0.2242744	0
0.99992144	1
1.0	1
0.0017711619	0
0.0035759641	0
1.0	1
1.0	1
1.0	1
0.0075581498	0
0.0032412538	0
1.0	1
0.0026903092	0
1.0	1
0.00294041	0
0.0051799263	0
0.0040657236	0
1.0	1
1.0	1
1.0	1
1.0	1
0.0049867607	0
0.0047095236	0
0.0055592516	0
0.004403331	0
1.0	1
1.0	1
0.011251078	0
0.0038370374	0
0.001881311	0
0.016122008	0
0.002712273	0
1.0	1
1.0	1
1.0	1
1.0	1
0.0024658474	0
0.0043058763	0
1.0	1
1.0	1
0.99910057	1
0.9999994	1
1.0	1
0.9978935	1
0.9999993	1
0.0019452594	0
1.0	1
0.0019197848	0
1.0	1
0.0026171906	0
0.0036707283	0
1.0	1
1.0	1
0.0019452594	0
0.004618549	0
1.0	1
1.0	1
1.0	1
0.007576968	0
0.001968153	0
0.0020148752	0
0.0063850046	0
0.0020623412	0
0.0019384144	0
1.0	1
0.0019452594	0
0.0019612545	0
0.0054494143	0
1.0	1
1.0	1
1.0	1
1.0	1
1.0	1
1.0	1
0.9999995	1
0.003635581	0
1.0	1
1.0	1
0.0031580403	0
1.0	1
1.0	1
0.0063960776	0
0.0021272425	0
0.0032769376	0
0.0019452594	0
0.0028212187	0
1.0	1
0.9999999	1
1.0	1
1.0	1
0.0019452594	0
0.0036566067	0
0.16853741	0
1.0	1
0.0020842191	0
1.0	1
0.007144129	0
0.0019479248	0
1.0	1
1.0	1
1.0	1
1.0	1
0.8357376	1
1.0	1
1.0	1
0.018380743	0
0.002014856	0
0.0062842295	0
0.0029461347	0
1.0	1
0.99931765	1
1.0	1
1.0	1
0.012288129	0
0.99999917	1
0.0036037315	0
0.0019452594	0
1.0	1
0.0062819375	0
0.006001741	0
0.0019452594	0
1.0	1
0.0037502332	0
0.0021671888	0
0.15644442	1
1.0	1
0.00280016	0
0.004810351	0
0.0025683101	0
0.0019668816	0
0.0018972777	0
1.0	1
0.0019784567	0
0.0015506004	0
0.0019452594	0
0.0047894907	0
0.0019727687	0
1.0	1
0.9998945	1
1.0	1
1.0	1
0.002834626	0
1.0	1
1.0	1
0.005375379	0
0.0020442477	0
0.0068934006	0
1.0	1
1.0	1
0.003871312	0
1.0	1
1.0	1
1.0	1
0.002778724	0
1.0	1
1.0	1
1.0	1
1.0	1
0.0016023453	0
1.0	1
0.0022537701	0
0.0019452594	0
0.012697386	0
1.0	1
0.0034794027	0
1.0	1
0.0019452594	0
0.0030504933	0
0.0019881981	0
0.0019452594	0
0.3266912	1
1.0	1
0.002717875	0
0.0023183015	0
0.010951103	0
0.002085602	0
1.0	1
1.0	1
0.0037831296	0
0.14965834	0
0.0036867508	0
0.0038248778	0
1.0	1
1.0	1
0.012681651	0
0.0017599352	0
0.0020632215	0
0.0016563571	0
1.0	1
1.0	1
0.002760472	0
0.003998998	0
0.003254602	0
0.0021423236	0
1.0	1
1.0	1
0.0033514858	0
0.004028231	0
1.0	1
0.0053995047	0
1.0	1
0.0050113183	0
1.0	1
1.0	1
0.0035160398	0
0.002249634	0
0.004608297	0
1.0	1
0.0041966285	0
0.0047225878	0
0.0010769494	0
1.0	1
0.005775261	0
0.0041689337	0
0.0054079304	0
0.0036761835	0
0.0027385042	0
0.009315371	0
0.0019713505	0
0.0039291224	0
0.0018462886	0
0.002041967	0
0.0012595016	0
1.0	1
1.0	1
0.0029016328	0
0.0019452594	0
0.011595848	0
1.0	1
0.0019452594	0
0.0022013634	0
0.0019452594	0
1.0	1
1.0	1
1.0	1
1.0	1
0.0025052917	0
1.0	1
0.0028921773	0
0.0020912855	0
0.27060938	1
0.0055632256	0
1.0	1
1.0	1
0.007012868	0
0.9375912	1
0.9999999	1
0.014265121	0
1.0	1
0.0061574695	0
1.0	1
1.0	1
1.0	1
1.0	1
1.0	1
0.0043261894	0
0.0042206473	0
0.067404084	0
1.0	1
0.0038390355	0
1.0	1
0.014675888	0
0.0021501603	0
1.0	1
0.007867747	0
0.002464398	0
0.0074040266	0
1.0	1
1.0	1
0.0019698248	0
1.0	1
1.0	1
0.0018945995	0
0.0023351193	0
0.0032605676	0
0.9801292	1
1.0	1
0.0031384395	0
1.0	1
0.9997482	1
0.0017090392	0
1.0	1
1.0	1
0.0023370364	0
1.0	1
0.0026860214	0
1.0	1
0.0031536645	0
1.0	1
1.0	1
1.0	1
0.004129071	0
1.0	1
1.0	1
0.004654516	0
0.0032294563	0
1.0	1
0.0038091997	0
1.0	1
0.92908126	1
1.0	1
1.0	1
0.0037993633	0
0.008524222	0
1.0	1
1.0	1
1.0	1
0.002703704	0
0.0014997956	0
1.0	1
1.0	1
1.0	1
1.0	1
0.0019452594	0
1.0	1
0.9999999	1
0.0021368493	0
1.0	1
0.0019452594	0
0.00062532135	0
0.0051878104	0
0.14581648	0
0.0015945361	0
0.0014288538	0
1.0	1
1.0	1
1.0	1
1.0	1
0.0026597586	0
0.99999857	1
1.0	1
0.006764908	0
1.0	1
1.0	1
1.0	1
1.0	1
0.002469955	0
1.0	1
0.078035	0
1.0	1
1.0	1
0.0019452594	0
0.0018371694	0
0.0031375012	0
1.0	1
0.0057767807	0
0.0025767977	0
0.0025298535	0
1.0	1
0.0066054007	0
0.006376192	0
0.99999106	1
1.0	1
1.0	1
1.0	1
1.0	1
1.0	1
1.0	1
0.0019452594	0
0.005959684	0
0.004136299	0
0.0046445634	0
0.0022842372	0
0.005394329	0
0.0025248192	0
0.002386686	0
0.0018711764	0
0.9960538	1
0.00369239	0
1.0	1
0.9999994	1
0.0019452594	0
1.0	1
1.0	1
0.0026409305	0
0.0025932107	0
1.0	1
0.0021029876	0
1.0	1
1.0	1
1.0	1
0.004012629	0
1.0	1
0.0023090194	0
0.0043238117	0
1.0	1
1.0	1
1.0	1
1.0	1
0.003948984	0
0.0027716337	0
0.013234262	0
0.9998665	1
0.0057077794	0
1.0	1
0.011705408	0
0.0033144525	0
0.006918071	0
0.0048463503	0
0.0019663349	0
0.0045667947	0
0.0019452594	0
0.0019452594	0
0.99505275	0
0.005940129	0
1.0	1
0.0025734273	0
0.0032931028	0
1.0	1
1.0	1
0.002696984	0
0.00554341	0
1.0	1
1.0	1
0.0034854873	0
0.0026488297	0
1.0	1
0.9999989	1
0.0032645077	0
1.0	1
0.001988251	0
0.0046768147	0
0.0019452594	0
0.005091587	0
0.0034568515	0
0.0019452594	0
0.0027863784	0
1.0	1
1.0	1
1.0	1
0.0021504909	0
0.0019452594	0
1.0	1
0.0035642814	0
1.0	1
1.0	1
0.0041834256	0
1.0	1
1.0	1
1.0	1
1.0	1
1.0	1
1.0	1
0.0013444838	0
0.0020267216	0
0.0033159964	0
0.00255774	0
0.0018346247	0
0.0019745373	0
0.0032959587	0
0.017532704	0
1.0	1
0.0020206077	0
1.0	1
0.0019452594	0
1.0	1
0.003640111	0
0.0016246979	0
0.0021560674	0
1.0	1
1.0	1
1.0	1
1.0	1
0.0040623113	0
0.0028566984	0
1.0	1
0.0039560986	0
0.0029190665	0
1.0	1
1.0	1
1.0	1
1.0	1
0.0031224564	0
0.0028429572	0
0.0025735558	0
1.0	1
1.0	1
1.0	1
0.001981866	0
0.0019330584	0
1.0	1
0.0017598649	0
1.0	1
0.011444592	0
0.0029575496	0
0.07848256	0
0.00506294	0
0.0019452594	0
0.0020594767	0
1.0	1
1.0	1
1.0	1
0.0061011496	0
0.008312005	0
0.0021820157	0
1.0	1
1.0	1
0.003234604	0
0.004087095	0
0.005687225	0
0.005264507	0
1.0	1
0.0021446478	0
0.0026429181	0
1.0	1
1.0	1
0.0019452594	0
0.007607608	0
1.0	1
0.0021494913	0
0.0022346633	0
0.003974723	0
0.003980315	0
0.0021063418	0
0.0031165902	0
0.0052398783	0
1.0	1
0.006004276	0
1.0	1
0.0028866339	0
0.00543732	0
1.0	1
1.0	1
1.0	1
1.0	1
0.0019452594	0
1.0	1
1.0	1
0.0029302516	0
1.0	1
0.999977	1
0.005711862	0
1.0	1
0.0023725315	0
0.0020303463	0
1.0	1
1.0	1
1.0	1
1.0	1
1.0	1
0.008376056	0
0.99998474	1
1.0	1
1.0	1
0.0041407067	0
1.0	1
1.0	1
1.0	1
0.0065170852	0
0.003773115	0
0.0027595835	0
1.0	1
1.0	1
1.0	1
1.0	1
0.0016170994	0
0.027152097	0
1.0	1
0.003603165	0
1.0	1
0.0023462612	0
0.0022284258	0
1.0	1
0.010574464	0
0.0025385462	0
1.0	1
0.006158745	0
0.0019452594	0
1.0	1
1.0	1
1.0	1
0.028128743	0
0.9999994	1
1.0	1
0.0019382511	0
0.0012926329	0
1.0	1
0.0019452594	0
0.0021385888	0
0.0054283384	0
1.0	1
0.9999999	1
1.0	1
1.0	1
1.0	1
1.0	1
0.49786258	0
0.0019452594	0
1.0	1
1.0	1
0.0049634227	0
1.0	1
0.0020492696	0
0.0024126228	0
1.0	1
0.019535083	0
0.0019380233	0
0.0037402944	0
0.0019452594	0
0.002250608	0
0.0014777204	0
0.999995	1
0.0029747381	0
0.0042645535	0
1.0	1
0.0026181343	0
1.0	1
1.0	1
1.0	1
1.0	1
1.0	1
0.0019452594	0
0.0019452594	0
0.0043742964	0
0.9999995	1
0.0050560003	0
1.0	1
1.0	1
1.0	1
1.0	1
1.0	1
0.0038560373	0
1.0	1
1.0	1
1.0	1
0.0016126935	0
0.0020865935	0
1.0	1
1.0	1
1.0	1
1.0	1
1.0	1
0.0019025482	0
1.0	1
0.0039928397	0
1.0	1
1.0	1
1.0	1
0.0025442846	0
0.0022172946	0
0.03449987	0
1.0	1
1.0	1
1.0	1
1.0	1
1.0	1
1.0	1
1.0	1
1.0	1
0.0029600468	0
0.002912555	0
0.0016721308	0
1.0	1
0.99999917	1
1.0	1
0.0043299603	0
0.003529905	0
1.0	1
0.045481604	0
1.0	1
0.0054954914	0
0.0027930138	0
0.0026995686	0
1.0	1
0.0019452594	0
1.0	1
1.0	1
0.00572661	0
1.0	1
0.10796472	0
0.9885428	1
0.0023261905	0
0.003961141	0
0.0022430825	0
0.006410633	0
1.0	1
1.0	1
0.006258261	0
1.0	1
1.0	1
1.0	1
0.002485742	0
0.0019452594	0
0.0025348533	0
1.0	1
1.0	1
0.0028536138	0
1.0	1
1.0	1
0.0022080916	0
1.0	1
1.0	1
1.0	1
1.0	1
1.0	1
1.0	1
0.0019452594	0
0.0019452594	0
0.0021525885	0
0.0030081759	0
0.003668448	0
1.0	1
1.0	1
1.0	1
1.0	1
0.0023313554	0
0.006865322	0
0.99999976	1
1.0	1
1.0	1
0.010949399	0
1.0	1
0.003537343	0
0.0049012923	0
1.0	1
0.0022524162	0
0.9999999	1
0.0019452594	0
0.007258001	0
1.0	1
1.0	1
0.013587651	0
1.0	1
1.0	1
0.0032186806	0
0.005869171	0
0.0029210655	0
1.0	1
1.0	1
0.008261477	0
0.0071388064	0
1.0	1
0.0017916475	0
0.0019452594	0
1.0	1
1.0	1
1.0	1
1.0	1
0.0018719772	0
1.0	1
1.0	1
0.0027345181	0
1.0	1
0.003395886	0
0.0030379707	0
1.0	1
1.0	1
0.0035509022	0
0.011923098	0
0.96993756	1
0.0024870052	0
0.0020665163	0
1.0	1
1.0	1
1.0	1
0.0019452594	0
1.0	1
1.0	1
1.0	1
0.0019452594	0
0.0025072133	0
1.0	1
0.0019333324	0
1.0	1
1.0	1
1.0	1
1.0	1
0.009356819	0
1.0	1
1.0	1
1.0	1
0.0019031416	0
1.0	1
1.0	1
1.0	1
0.014134922	0
1.0	1
0.0019512	0
1.0	1
1.0	1
1.0	1
1.0	1
0.022231994	0
0.04435422	0
0.00862948	0
0.0020590534	0
0.0019452594	0
1.0	1
0.0032273403	0
0.9997223	1
0.0025733307	0
0.0019136355	0
0.9988224	1
0.05576777	0
0.0020057317	0
0.9999999	1
0.062288806	0
1.0	1
0.0014281669	0
1.0	1
1.0	1
1.0	1
0.0019452594	0
1.0	1
1.0	1
0.0036524883	0
1.0	1
1.0	1
1.0	1
0.0022315227	0
0.008165721	0
0.0019212574	0
0.0034863832	0
0.0044400482	0
0.0045683924	0
1.0	1
1.0	1
0.0051345425	0
1.0	1
1.0	1
0.0019452594	0
0.0018294122	0
1.0	1
1.0	1
0.011772205	0
1.0	1
1.0	1
1.0	1
0.031614024	0
1.0	1
0.0021252332	0
1.0	1
0.011957876	0
0.002550546	0
1.0	1
1.0	1
1.0	1
0.0018647246	0
0.012922754	0
0.002205433	0
1.0	1
0.9999994	1
0.002000917	0
0.0020454281	0
1.0	1
1.0	1
0.001541841	0
0.0017964621	0
1.0	1
1.0	1
0.9800403	1
0.0021381145	0
0.0019452594	0
1.0	1
0.0045618443	0
1.0	1
0.0040141786	0
0.0024113574	0
0.010004059	0
0.0020469695	0
0.0019998825	0
1.0	1
1.0	1
0.002741857	0
0.00263628	0
0.0019275419	0
1.0	1
0.0026789503	0
1.0	1
1.0	1
0.0021668682	0
1.0	1
0.020730337	0
0.0032459835	0
0.0038906846	0
0.0019452594	0
1.0	1
1.0	1
0.00243036	0
1.0	1
0.0030347693	0
1.0	1
1.0	1
1.0	1
0.0019452594	0
0.0019452594	0
1.0	1
0.00271447	0
1.0	1
1.0	1
0.0046512564	0
1.0	1
1.0	1
0.0017395688	0
1.0	1
1.0	1
0.9999995	1
1.0	1
1.0	1
0.9999778	1
1.0	1
1.0	1
0.0020742104	0
1.0	1
1.0	1
0.99999833	1
1.0	1
1.0	1
0.0049354555	0
0.008772742	0
1.0	1
1.0	1
0.0040904977	0
1.0	1
1.0	1
1.0	1
1.0	1
1.0	1
0.9999999	1
1.0	1
1.0	1
0.9998318	1
0.001963423	0
1.0	1
0.0060418244	0
0.002524902	0
1.0	1
1.0	1
1.0	1
1.0	1
1.0	1
0.033758603	0
1.0	1
0.005272126	0
1.0	1
0.0019452594	0
1.0	1
0.0019452594	0
1.0	1
0.0030727936	0
0.023097236	0
0.002815135	0
0.003942584	0
0.013235408	0
0.9996654	1
1.0	1
0.0016393072	0
0.002158347	0
1.0	1
0.0028212187	0
0.99988055	1
0.99993885	1
0.0035571964	0
1.0	1
1.0	1
0.0034707927	0
0.016806098	0
0.0016224557	0
1.0	1
0.0036566067	0
0.02389756	0
1.0	1
0.0036079288	0
1.0	1
0.9999893	1
1.0	1
1.0	1
1.0	1
0.0019452594	0
0.97470224	1
0.01181214	0
0.0039292476	0
1.0	1
1.0	1
0.9999994	1
0.002158419	0
0.0020214452	0
1.0	1
0.0022264356	0
1.0	1
0.0044640126	0
0.0021123698	0
1.0	1
0.0020866652	0
0.0030140968	0
0.0036544236	0
0.00340087	0
1.0	1
1.0	1
0.004955472	0
0.0024955869	0
1.0	1
0.003634797	0
0.00796684	0
1.0	1
0.005985298	0
1.0	1
0.0030281157	0
1.0	1
0.0043648495	0
0.0015789814	0
0.005518308	0
1.0	1
0.0056064813	0
1.0	1
1.0	1
1.0	1
0.0019452594	0
0.022402853	0
1.0	1
1.0	1
0.008946858	0
0.0032536064	0
1.0	1
0.0068784333	0
0.0023082956	0
1.0	1
1.0	1
0.0029755828	0
1.0	1
1.0	1
0.0048231534	0
1.0	1
1.0	1
0.004605332	0
0.0024532217	0
1.0	1
1.0	1
0.9855084	1
1.0	1
0.0022046159	0
1.0	1
0.0043699024	0
1.0	1
0.6980779	0
0.0019452594	0
1.0	1
1.0	1
1.0	1
0.005483647	0
1.0	1
0.0019937693	0
0.002707295	0
1.0	1
0.009647342	0
1.0	1
0.0022263413	0
1.0	1
1.0	1
0.012887099	0
0.0016970419	0
0.006659401	0
1.0	1
1.0	1
1.0	1
1.0	1
1.0	1
1.0	1
0.0022412573	0
0.001914369	0
0.9831284	1
0.002181536	0
1.0	1
1.0	1
0.021772893	0
1.0	1
0.002588581	0
1.0	1
0.004119038	0
0.9999989	1
1.0	1
0.0023479986	0
0.0022006389	0
1.0	1
0.004058736	0
1.0	1
1.0	1
0.9999999	1
1.0	1
1.0	1
0.0023316883	0
0.0027873192	0
0.017907597	0
1.0	1
0.012372662	0
0.0023245278	0
0.002197182	0
1.0	1
0.0019452594	0
1.0	1
0.014771167	0
1.0	1
0.0020266774	0
0.024303343	0
0.013521911	0
0.09925827	0
0.0019459474	0
0.004274014	0
1.0	1
0.002003646	0
0.0015215424	0
0.0034205606	0
0.0036443765	0
0.0021037553	0
1.0	1
0.0021836231	0
1.0	1
1.0	1
1.0	1
1.0	1
1.0	1
0.0020399622	0
1.0	1
0.0019253771	0
0.99999833	1
0.0032854977	0
1.0	1
0.003555611	0
1.0	1
0.0020462868	0
1.0	1
1.0	1
0.002097607	0
1.0	1
1.0	1
0.0026724923	0
0.004411085	0
1.0	1
0.0019452594	0
0.004483525	0
0.0016321751	0
0.00454315	0
0.0035743604	0
1.0	1
1.0	1
1.0	1
0.0043417886	0
0.0025476606	0
1.0	1
1.0	1
0.009255863	0
1.0	1
1.0	1
0.0014606501	0
1.0	1
1.0	1
0.0019452594	0
0.0022092338	0
1.0	1
0.0033868237	0
0.99999964	1
1.0	1
0.002098206	0
1.0	1
0.0053661866	0
0.0024465465	0
1.0	1
1.0	1
1.0	1
0.0034489396	0
0.0019473028	0
1.0	1
0.0019781468	0
0.0023447536	0
1.0	1
1.0	1
0.003917448	0
0.0019452594	0
1.0	1
1.0	1
1.0	1
0.002084614	0
1.0	1
0.0036749875	0
1.0	1
1.0	1
0.0019465357	0
1.0	1
0.0015325543	0
1.0	1
0.004529163	0
1.0	1
0.0037945062	0
0.0019452594	0
1.0	1
0.0021544595	0
1.0	1
1.0	1
0.0022114255	0
0.002267676	0
0.007151522	0
1.0	1
1.0	1
1.0	1
1.0	1
1.0	1
0.0020362176	0
0.002635578	0
1.0	1
0.0019452594	0
1.0	1
0.0019467757	0
0.0061374404	0
1.0	1
1.0	1
0.0041796276	0
1.0	1
1.0	1
0.006981396	0
0.0016288365	0
1.0	1
0.009700535	0
0.005555378	0
0.0024737618	0
0.0036216062	0
1.0	1
1.0	1
1.0	1
0.0027340373	0
1.0	1
0.01995664	0
0.0025139053	0
1.0	1
0.003799264	0
0.0036456648	0
1.0	1
0.0019452594	0
0.0020930276	0
0.005251037	0
1.0	1
0.009576092	0
0.0031888098	0
0.0019452594	0
0.015061419	0
0.0024378723	0
1.0	1
1.0	1
0.002120402	0
0.9999012	1
0.0035789895	0
1.0	1
1.0	1
0.0062312004	0
1.0	1
1.0	1
0.033176284	0
1.0	1
1.0	1
0.0023938802	0
0.9957722	1
0.0031999045	0
0.004556616	0
1.0	1
0.008738509	0
0.0054850723	0
1.0	1
0.97115135	1
0.0027013738	0
0.0021226078	0
1.0	1
1.0	1
0.0027185187	0
0.0042353706	0
1.0	1
1.0	1
1.0	1
1.0	1
1.0	1
0.0020719375	0
1.0	1
0.001931474	0
1.0	1
0.0030813639	0
0.005076324	0
0.00046613617	0
0.0019452594	0
1.0	1
0.0036638146	0
1.0	1
1.0	1
1.0	1
1.0	1
0.00047980968	0
1.0	1
0.0029001446	0
0.0019452594	0
0.011252103	0
1.0	1
0.9999987	1
0.0023442854	0
0.002051632	0
1.0	1
0.0019458772	0
1.0	1
0.0019452594	0
1.0	1
0.0053153555	0
0.0019149	0
1.0	1
0.83207655	1
1.0	1
0.0021194345	0
0.0049386625	0
1.0	1
0.01469623	0
1.0	1
0.0007207065	0
1.0	1
0.0033528588	0
0.0071635004	0
0.01208435	0
0.0062465286	0
0.0023816128	0
1.0	1
1.0	1
1.0	1
0.99985445	1
0.0022012095	0
0.0003845129	0
1.0	1
0.003217417	0
1.0	1
0.003980782	0
1.0	1
1.0	1
0.9999987	1
0.0023648334	0
1.0	1
0.0018317263	0
1.0	1
1.0	1
1.0	1
1.0	1
1.0	1
1.0	1
0.08569422	0
1.0	1
1.0	1
0.0029505936	0
0.9999999	1
0.0024544753	0
1.0	1
1.0	1
1.0	1
0.0025633762	0
